<NewDataSet>
  <Table>
    <CODE>1</CODE>
    <VALUE>初中及以下</VALUE>
  </Table>
  <Table>
    <CODE>2</CODE>
    <VALUE>高中</VALUE>
  </Table>
  <Table>
    <CODE>3</CODE>
    <VALUE>中技</VALUE>
  </Table>
  <Table>
    <CODE>4</CODE>
    <VALUE>中专</VALUE>
  </Table>
  <Table>
    <CODE>5</CODE>
    <VALUE>大专</VALUE>
  </Table>
  <Table>
    <CODE>6</CODE>
    <VALUE>本科</VALUE>
  </Table>
  <Table>
    <CODE>7</CODE>
    <VALUE>硕士</VALUE>
  </Table>
  <Table>
    <CODE>8</CODE>
    <VALUE>博士</VALUE>
  </Table>
</NewDataSet>
