<NewDataSet>
  <Table>
    <CODE>2208</CODE>
    <VALUE>阿拉伯语</VALUE>
  </Table>
  <Table>
    <CODE>2213</CODE>
    <VALUE>粤语</VALUE>
  </Table>
  <Table>
    <CODE>2215</CODE>
    <VALUE>上海话</VALUE>
  </Table>
  <Table>
    <CODE>2201</CODE>
    <VALUE>英语</VALUE>
  </Table>
  <Table>
    <CODE>2203</CODE>
    <VALUE>法语</VALUE>
  </Table>
  <Table>
    <CODE>2204</CODE>
    <VALUE>德语</VALUE>
  </Table>
  <Table>
    <CODE>2212</CODE>
    <VALUE>意大利语</VALUE>
  </Table>
  <Table>
    <CODE>2202</CODE>
    <VALUE>日语</VALUE>
  </Table>
  <Table>
    <CODE>2207</CODE>
    <VALUE>韩语/朝鲜语</VALUE>
  </Table>
  <Table>
    <CODE>2214</CODE>
    <VALUE>闽南语</VALUE>
  </Table>
  <Table>
    <CODE>2211</CODE>
    <VALUE>葡萄牙语</VALUE>
  </Table>
  <Table>
    <CODE>2205</CODE>
    <VALUE>俄语</VALUE>
  </Table>
  <Table>
    <CODE>2210</CODE>
    <VALUE>普通话</VALUE>
  </Table>
  <Table>
    <CODE>2206</CODE>
    <VALUE>西班牙语</VALUE>
  </Table>
  <Table>
    <CODE>2209</CODE>
    <VALUE>其它</VALUE>
  </Table>
</NewDataSet>
