<NewDataSet>
  <Table>
    <CODE>010000</CODE>
    <VALUE>北京</VALUE>
    <BRANCH>BJ</BRANCH>
  </Table>
  <Table>
    <CODE>010100</CODE>
    <VALUE>北京-东城区</VALUE>
    <BRANCH>BJ</BRANCH>
  </Table>
  <Table>
    <CODE>010200</CODE>
    <VALUE>北京-西城区</VALUE>
    <BRANCH>BJ</BRANCH>
  </Table>
  <Table>
    <CODE>010300</CODE>
    <VALUE>北京-崇文区</VALUE>
    <BRANCH>BJ</BRANCH>
  </Table>
  <Table>
    <CODE>010400</CODE>
    <VALUE>北京-宣武区</VALUE>
    <BRANCH>BJ</BRANCH>
  </Table>
  <Table>
    <CODE>010500</CODE>
    <VALUE>北京-朝阳区</VALUE>
    <BRANCH>BJ</BRANCH>
  </Table>
  <Table>
    <CODE>010600</CODE>
    <VALUE>北京-丰台区</VALUE>
    <BRANCH>BJ</BRANCH>
  </Table>
  <Table>
    <CODE>010700</CODE>
    <VALUE>北京-石景山区</VALUE>
    <BRANCH>BJ</BRANCH>
  </Table>
  <Table>
    <CODE>010800</CODE>
    <VALUE>北京-海淀区</VALUE>
    <BRANCH>BJ</BRANCH>
  </Table>
  <Table>
    <CODE>010900</CODE>
    <VALUE>北京-门头沟区</VALUE>
    <BRANCH>BJ</BRANCH>
  </Table>
  <Table>
    <CODE>011000</CODE>
    <VALUE>北京-房山区</VALUE>
    <BRANCH>BJ</BRANCH>
  </Table>
  <Table>
    <CODE>011100</CODE>
    <VALUE>北京-通州区</VALUE>
    <BRANCH>BJ</BRANCH>
  </Table>
  <Table>
    <CODE>011200</CODE>
    <VALUE>北京-顺义区</VALUE>
    <BRANCH>BJ</BRANCH>
  </Table>
  <Table>
    <CODE>011300</CODE>
    <VALUE>北京-昌平区</VALUE>
    <BRANCH>BJ</BRANCH>
  </Table>
  <Table>
    <CODE>011400</CODE>
    <VALUE>北京-大兴区</VALUE>
    <BRANCH>BJ</BRANCH>
  </Table>
  <Table>
    <CODE>011500</CODE>
    <VALUE>北京-怀柔区</VALUE>
    <BRANCH>BJ</BRANCH>
  </Table>
  <Table>
    <CODE>011600</CODE>
    <VALUE>北京-平谷区</VALUE>
    <BRANCH>BJ</BRANCH>
  </Table>
  <Table>
    <CODE>011700</CODE>
    <VALUE>北京-密云县</VALUE>
    <BRANCH>BJ</BRANCH>
  </Table>
  <Table>
    <CODE>011800</CODE>
    <VALUE>北京-延庆县</VALUE>
    <BRANCH>BJ</BRANCH>
  </Table>
  <Table>
    <CODE>020000</CODE>
    <VALUE>上海</VALUE>
    <BRANCH>SH</BRANCH>
  </Table>
  <Table>
    <CODE>020100</CODE>
    <VALUE>上海-黄浦区</VALUE>
    <BRANCH>SH</BRANCH>
  </Table>
  <Table>
    <CODE>020200</CODE>
    <VALUE>上海-卢湾区</VALUE>
    <BRANCH>SH</BRANCH>
  </Table>
  <Table>
    <CODE>020300</CODE>
    <VALUE>上海-徐汇区</VALUE>
    <BRANCH>SH</BRANCH>
  </Table>
  <Table>
    <CODE>020400</CODE>
    <VALUE>上海-长宁区</VALUE>
    <BRANCH>SH</BRANCH>
  </Table>
  <Table>
    <CODE>020500</CODE>
    <VALUE>上海-静安区</VALUE>
    <BRANCH>SH</BRANCH>
  </Table>
  <Table>
    <CODE>020600</CODE>
    <VALUE>上海-普陀区</VALUE>
    <BRANCH>SH</BRANCH>
  </Table>
  <Table>
    <CODE>020700</CODE>
    <VALUE>上海-闸北区</VALUE>
    <BRANCH>SH</BRANCH>
  </Table>
  <Table>
    <CODE>020800</CODE>
    <VALUE>上海-虹口区</VALUE>
    <BRANCH>SH</BRANCH>
  </Table>
  <Table>
    <CODE>020900</CODE>
    <VALUE>上海-杨浦区</VALUE>
    <BRANCH>SH</BRANCH>
  </Table>
  <Table>
    <CODE>021000</CODE>
    <VALUE>上海-浦东新区</VALUE>
    <BRANCH>SH</BRANCH>
  </Table>
  <Table>
    <CODE>021100</CODE>
    <VALUE>上海-闵行区</VALUE>
    <BRANCH>SH</BRANCH>
  </Table>
  <Table>
    <CODE>021200</CODE>
    <VALUE>上海-宝山区</VALUE>
    <BRANCH>SH</BRANCH>
  </Table>
  <Table>
    <CODE>021300</CODE>
    <VALUE>上海-嘉定区</VALUE>
    <BRANCH>SH</BRANCH>
  </Table>
  <Table>
    <CODE>021400</CODE>
    <VALUE>上海-金山区</VALUE>
    <BRANCH>SH</BRANCH>
  </Table>
  <Table>
    <CODE>021500</CODE>
    <VALUE>上海-松江区</VALUE>
    <BRANCH>SH</BRANCH>
  </Table>
  <Table>
    <CODE>021600</CODE>
    <VALUE>上海-青浦区</VALUE>
    <BRANCH>SH</BRANCH>
  </Table>
  <Table>
    <CODE>021800</CODE>
    <VALUE>上海-奉贤区</VALUE>
    <BRANCH>SH</BRANCH>
  </Table>
  <Table>
    <CODE>021900</CODE>
    <VALUE>上海-崇明县</VALUE>
    <BRANCH>SH</BRANCH>
  </Table>
  <Table>
    <CODE>030000</CODE>
    <VALUE>广东省</VALUE>
    <BRANCH>EC</BRANCH>
  </Table>
  <Table>
    <CODE>030200</CODE>
    <VALUE>广州</VALUE>
    <BRANCH>GZ</BRANCH>
  </Table>
  <Table>
    <CODE>030201</CODE>
    <VALUE>广州-越秀区</VALUE>
    <BRANCH>GZ</BRANCH>
  </Table>
  <Table>
    <CODE>030202</CODE>
    <VALUE>广州-荔湾区</VALUE>
    <BRANCH>GZ</BRANCH>
  </Table>
  <Table>
    <CODE>030203</CODE>
    <VALUE>广州-海珠区</VALUE>
    <BRANCH>GZ</BRANCH>
  </Table>
  <Table>
    <CODE>030204</CODE>
    <VALUE>广州-天河区</VALUE>
    <BRANCH>GZ</BRANCH>
  </Table>
  <Table>
    <CODE>030205</CODE>
    <VALUE>广州-白云区</VALUE>
    <BRANCH>GZ</BRANCH>
  </Table>
  <Table>
    <CODE>030206</CODE>
    <VALUE>广州-黄埔区</VALUE>
    <BRANCH>GZ</BRANCH>
  </Table>
  <Table>
    <CODE>030207</CODE>
    <VALUE>广州-番禺区</VALUE>
    <BRANCH>GZ</BRANCH>
  </Table>
  <Table>
    <CODE>030208</CODE>
    <VALUE>广州-花都区</VALUE>
    <BRANCH>GZ</BRANCH>
  </Table>
  <Table>
    <CODE>030209</CODE>
    <VALUE>广州-南沙区</VALUE>
    <BRANCH>GZ</BRANCH>
  </Table>
  <Table>
    <CODE>030210</CODE>
    <VALUE>广州-萝岗区</VALUE>
    <BRANCH>GZ</BRANCH>
  </Table>
  <Table>
    <CODE>030211</CODE>
    <VALUE>广州-增城</VALUE>
    <BRANCH>GZ</BRANCH>
  </Table>
  <Table>
    <CODE>030212</CODE>
    <VALUE>广州-从化</VALUE>
    <BRANCH>GZ</BRANCH>
  </Table>
  <Table>
    <CODE>030300</CODE>
    <SPECIALAREA1>01</SPECIALAREA1>
    <VALUE>惠州</VALUE>
    <BRANCH>EC</BRANCH>
  </Table>
  <Table>
    <CODE>030400</CODE>
    <SPECIALAREA1>01</SPECIALAREA1>
    <VALUE>汕头</VALUE>
    <BRANCH>EC</BRANCH>
  </Table>
  <Table>
    <CODE>030500</CODE>
    <SPECIALAREA1>01</SPECIALAREA1>
    <VALUE>珠海</VALUE>
    <BRANCH>EC</BRANCH>
  </Table>
  <Table>
    <CODE>030501</CODE>
    <VALUE>珠海-香洲区</VALUE>
    <BRANCH>EC</BRANCH>
  </Table>
  <Table>
    <CODE>030502</CODE>
    <VALUE>珠海-斗门区</VALUE>
    <BRANCH>EC</BRANCH>
  </Table>
  <Table>
    <CODE>030503</CODE>
    <VALUE>珠海-金湾区</VALUE>
    <BRANCH>EC</BRANCH>
  </Table>
  <Table>
    <CODE>030504</CODE>
    <VALUE>珠海-横琴新区</VALUE>
    <BRANCH>EC</BRANCH>
  </Table>
  <Table>
    <CODE>030505</CODE>
    <VALUE>珠海-高栏港经济区</VALUE>
    <BRANCH>EC</BRANCH>
  </Table>
  <Table>
    <CODE>030506</CODE>
    <VALUE>珠海-珠海高新区</VALUE>
    <BRANCH>EC</BRANCH>
  </Table>
  <Table>
    <CODE>030507</CODE>
    <VALUE>珠海-珠海保税区</VALUE>
    <BRANCH>EC</BRANCH>
  </Table>
  <Table>
    <CODE>030508</CODE>
    <VALUE>珠海-万山海洋开发试验区</VALUE>
    <BRANCH>EC</BRANCH>
  </Table>
  <Table>
    <CODE>030600</CODE>
    <SPECIALAREA1>01</SPECIALAREA1>
    <VALUE>佛山</VALUE>
    <BRANCH>EC</BRANCH>
  </Table>
  <Table>
    <CODE>030601</CODE>
    <VALUE>佛山-禅城区</VALUE>
    <BRANCH>EC</BRANCH>
  </Table>
  <Table>
    <CODE>030602</CODE>
    <SPECIALAREA1>01</SPECIALAREA1>
    <VALUE>佛山-顺德区</VALUE>
    <BRANCH>EC</BRANCH>
  </Table>
  <Table>
    <CODE>030603</CODE>
    <VALUE>佛山-南海区</VALUE>
    <BRANCH>EC</BRANCH>
  </Table>
  <Table>
    <CODE>030604</CODE>
    <VALUE>佛山-三水区</VALUE>
    <BRANCH>EC</BRANCH>
  </Table>
  <Table>
    <CODE>030605</CODE>
    <VALUE>佛山-高明区</VALUE>
    <BRANCH>EC</BRANCH>
  </Table>
  <Table>
    <CODE>030700</CODE>
    <SPECIALAREA1>01</SPECIALAREA1>
    <VALUE>中山</VALUE>
    <BRANCH>EC</BRANCH>
  </Table>
  <Table>
    <CODE>030800</CODE>
    <VALUE>东莞</VALUE>
    <BRANCH>DG</BRANCH>
  </Table>
  <Table>
    <CODE>030801</CODE>
    <VALUE>东莞-莞城区</VALUE>
    <BRANCH>DG</BRANCH>
  </Table>
  <Table>
    <CODE>030802</CODE>
    <VALUE>东莞-南城区</VALUE>
    <BRANCH>DG</BRANCH>
  </Table>
  <Table>
    <CODE>030803</CODE>
    <VALUE>东莞-东城区</VALUE>
    <BRANCH>DG</BRANCH>
  </Table>
  <Table>
    <CODE>030804</CODE>
    <VALUE>东莞-万江区</VALUE>
    <BRANCH>DG</BRANCH>
  </Table>
  <Table>
    <CODE>030805</CODE>
    <VALUE>东莞-石碣镇</VALUE>
    <BRANCH>DG</BRANCH>
  </Table>
  <Table>
    <CODE>030806</CODE>
    <VALUE>东莞-石龙镇</VALUE>
    <BRANCH>DG</BRANCH>
  </Table>
  <Table>
    <CODE>030807</CODE>
    <VALUE>东莞-茶山镇</VALUE>
    <BRANCH>DG</BRANCH>
  </Table>
  <Table>
    <CODE>030808</CODE>
    <VALUE>东莞-石排镇</VALUE>
    <BRANCH>DG</BRANCH>
  </Table>
  <Table>
    <CODE>030809</CODE>
    <VALUE>东莞-企石镇</VALUE>
    <BRANCH>DG</BRANCH>
  </Table>
  <Table>
    <CODE>030810</CODE>
    <VALUE>东莞-横沥镇</VALUE>
    <BRANCH>DG</BRANCH>
  </Table>
  <Table>
    <CODE>030811</CODE>
    <VALUE>东莞-桥头镇</VALUE>
    <BRANCH>DG</BRANCH>
  </Table>
  <Table>
    <CODE>030812</CODE>
    <VALUE>东莞-谢岗镇</VALUE>
    <BRANCH>DG</BRANCH>
  </Table>
  <Table>
    <CODE>030813</CODE>
    <VALUE>东莞-东坑镇</VALUE>
    <BRANCH>DG</BRANCH>
  </Table>
  <Table>
    <CODE>030814</CODE>
    <VALUE>东莞-常平镇</VALUE>
    <BRANCH>DG</BRANCH>
  </Table>
  <Table>
    <CODE>030815</CODE>
    <VALUE>东莞-寮步镇</VALUE>
    <BRANCH>DG</BRANCH>
  </Table>
  <Table>
    <CODE>030816</CODE>
    <VALUE>东莞-大朗镇</VALUE>
    <BRANCH>DG</BRANCH>
  </Table>
  <Table>
    <CODE>030817</CODE>
    <VALUE>东莞-麻涌镇</VALUE>
    <BRANCH>DG</BRANCH>
  </Table>
  <Table>
    <CODE>030818</CODE>
    <VALUE>东莞-中堂镇</VALUE>
    <BRANCH>DG</BRANCH>
  </Table>
  <Table>
    <CODE>030819</CODE>
    <VALUE>东莞-高埗镇</VALUE>
    <BRANCH>DG</BRANCH>
  </Table>
  <Table>
    <CODE>030820</CODE>
    <VALUE>东莞-樟木头镇</VALUE>
    <BRANCH>DG</BRANCH>
  </Table>
  <Table>
    <CODE>030821</CODE>
    <VALUE>东莞-大岭山镇</VALUE>
    <BRANCH>DG</BRANCH>
  </Table>
  <Table>
    <CODE>030822</CODE>
    <VALUE>东莞-望牛墩镇</VALUE>
    <BRANCH>DG</BRANCH>
  </Table>
  <Table>
    <CODE>030823</CODE>
    <VALUE>东莞-黄江镇</VALUE>
    <BRANCH>DG</BRANCH>
  </Table>
  <Table>
    <CODE>030824</CODE>
    <VALUE>东莞-洪梅镇</VALUE>
    <BRANCH>DG</BRANCH>
  </Table>
  <Table>
    <CODE>030825</CODE>
    <VALUE>东莞-清溪镇</VALUE>
    <BRANCH>DG</BRANCH>
  </Table>
  <Table>
    <CODE>030826</CODE>
    <VALUE>东莞-沙田镇</VALUE>
    <BRANCH>DG</BRANCH>
  </Table>
  <Table>
    <CODE>030827</CODE>
    <VALUE>东莞-道滘镇</VALUE>
    <BRANCH>DG</BRANCH>
  </Table>
  <Table>
    <CODE>030828</CODE>
    <VALUE>东莞-塘厦镇</VALUE>
    <BRANCH>DG</BRANCH>
  </Table>
  <Table>
    <CODE>030829</CODE>
    <VALUE>东莞-虎门镇</VALUE>
    <BRANCH>DG</BRANCH>
  </Table>
  <Table>
    <CODE>030830</CODE>
    <VALUE>东莞-厚街镇</VALUE>
    <BRANCH>DG</BRANCH>
  </Table>
  <Table>
    <CODE>030831</CODE>
    <VALUE>东莞-凤岗镇</VALUE>
    <BRANCH>DG</BRANCH>
  </Table>
  <Table>
    <CODE>030832</CODE>
    <VALUE>东莞-长安镇</VALUE>
    <BRANCH>DG</BRANCH>
  </Table>
  <Table>
    <CODE>030833</CODE>
    <VALUE>东莞-松山湖区</VALUE>
    <BRANCH>DG</BRANCH>
  </Table>
  <Table>
    <CODE>031400</CODE>
    <VALUE>韶关</VALUE>
    <BRANCH>EC</BRANCH>
  </Table>
  <Table>
    <CODE>031500</CODE>
    <SPECIALAREA1>01</SPECIALAREA1>
    <VALUE>江门</VALUE>
    <BRANCH>EC</BRANCH>
  </Table>
  <Table>
    <CODE>031700</CODE>
    <SPECIALAREA1>01</SPECIALAREA1>
    <VALUE>湛江</VALUE>
    <BRANCH>EC</BRANCH>
  </Table>
  <Table>
    <CODE>031800</CODE>
    <SPECIALAREA1>01</SPECIALAREA1>
    <VALUE>肇庆</VALUE>
    <BRANCH>EC</BRANCH>
  </Table>
  <Table>
    <CODE>031900</CODE>
    <SPECIALAREA1>01</SPECIALAREA1>
    <VALUE>清远</VALUE>
    <BRANCH>EC</BRANCH>
  </Table>
  <Table>
    <CODE>032000</CODE>
    <VALUE>潮州</VALUE>
    <BRANCH>EC</BRANCH>
  </Table>
  <Table>
    <CODE>032100</CODE>
    <VALUE>河源</VALUE>
    <BRANCH>EC</BRANCH>
  </Table>
  <Table>
    <CODE>032200</CODE>
    <VALUE>揭阳</VALUE>
    <BRANCH>EC</BRANCH>
  </Table>
  <Table>
    <CODE>032300</CODE>
    <VALUE>茂名</VALUE>
    <BRANCH>EC</BRANCH>
  </Table>
  <Table>
    <CODE>032400</CODE>
    <VALUE>汕尾</VALUE>
    <BRANCH>EC</BRANCH>
  </Table>
  <Table>
    <CODE>032600</CODE>
    <VALUE>梅州</VALUE>
    <BRANCH>EC</BRANCH>
  </Table>
  <Table>
    <CODE>032700</CODE>
    <VALUE>开平</VALUE>
    <BRANCH>EC</BRANCH>
  </Table>
  <Table>
    <CODE>032800</CODE>
    <VALUE>阳江</VALUE>
    <BRANCH>EC</BRANCH>
  </Table>
  <Table>
    <CODE>032900</CODE>
    <VALUE>云浮</VALUE>
    <BRANCH>EC</BRANCH>
  </Table>
  <Table>
    <CODE>040000</CODE>
    <VALUE>深圳</VALUE>
    <BRANCH>SZ</BRANCH>
  </Table>
  <Table>
    <CODE>040100</CODE>
    <VALUE>深圳-福田区</VALUE>
    <BRANCH>SZ</BRANCH>
  </Table>
  <Table>
    <CODE>040200</CODE>
    <VALUE>深圳-罗湖区</VALUE>
    <BRANCH>SZ</BRANCH>
  </Table>
  <Table>
    <CODE>040300</CODE>
    <VALUE>深圳-南山区</VALUE>
    <BRANCH>SZ</BRANCH>
  </Table>
  <Table>
    <CODE>040400</CODE>
    <VALUE>深圳-盐田区</VALUE>
    <BRANCH>SZ</BRANCH>
  </Table>
  <Table>
    <CODE>040500</CODE>
    <VALUE>深圳-宝安区</VALUE>
    <BRANCH>SZ</BRANCH>
  </Table>
  <Table>
    <CODE>040600</CODE>
    <VALUE>深圳-龙岗区</VALUE>
    <BRANCH>SZ</BRANCH>
  </Table>
  <Table>
    <CODE>040700</CODE>
    <VALUE>深圳-光明新区</VALUE>
    <BRANCH>SZ</BRANCH>
  </Table>
  <Table>
    <CODE>040800</CODE>
    <VALUE>深圳-坪山新区</VALUE>
    <BRANCH>SZ</BRANCH>
  </Table>
  <Table>
    <CODE>040900</CODE>
    <VALUE>深圳-大鹏新区</VALUE>
    <BRANCH>SZ</BRANCH>
  </Table>
  <Table>
    <CODE>041000</CODE>
    <VALUE>深圳-龙华新区</VALUE>
    <BRANCH>SZ</BRANCH>
  </Table>
  <Table>
    <CODE>050000</CODE>
    <VALUE>天津</VALUE>
    <BRANCH>TJ</BRANCH>
  </Table>
  <Table>
    <CODE>050100</CODE>
    <VALUE>天津-和平区</VALUE>
    <BRANCH>TJ</BRANCH>
  </Table>
  <Table>
    <CODE>050200</CODE>
    <VALUE>天津-河东区</VALUE>
    <BRANCH>TJ</BRANCH>
  </Table>
  <Table>
    <CODE>050300</CODE>
    <VALUE>天津-河西区</VALUE>
    <BRANCH>TJ</BRANCH>
  </Table>
  <Table>
    <CODE>050400</CODE>
    <VALUE>天津-南开区</VALUE>
    <BRANCH>TJ</BRANCH>
  </Table>
  <Table>
    <CODE>050500</CODE>
    <VALUE>天津-河北区</VALUE>
    <BRANCH>TJ</BRANCH>
  </Table>
  <Table>
    <CODE>050600</CODE>
    <VALUE>天津-红桥区</VALUE>
    <BRANCH>TJ</BRANCH>
  </Table>
  <Table>
    <CODE>050700</CODE>
    <VALUE>天津-东丽区</VALUE>
    <BRANCH>TJ</BRANCH>
  </Table>
  <Table>
    <CODE>050800</CODE>
    <VALUE>天津-西青区</VALUE>
    <BRANCH>TJ</BRANCH>
  </Table>
  <Table>
    <CODE>050900</CODE>
    <VALUE>天津-津南区</VALUE>
    <BRANCH>TJ</BRANCH>
  </Table>
  <Table>
    <CODE>051000</CODE>
    <VALUE>天津-北辰区</VALUE>
    <BRANCH>TJ</BRANCH>
  </Table>
  <Table>
    <CODE>051100</CODE>
    <VALUE>天津-武清区</VALUE>
    <BRANCH>TJ</BRANCH>
  </Table>
  <Table>
    <CODE>051200</CODE>
    <VALUE>天津-宝坻区</VALUE>
    <BRANCH>TJ</BRANCH>
  </Table>
  <Table>
    <CODE>051300</CODE>
    <VALUE>天津-滨海新区</VALUE>
    <BRANCH>TJ</BRANCH>
  </Table>
  <Table>
    <CODE>051400</CODE>
    <VALUE>天津-宁河县</VALUE>
    <BRANCH>TJ</BRANCH>
  </Table>
  <Table>
    <CODE>051500</CODE>
    <VALUE>天津-静海县</VALUE>
    <BRANCH>TJ</BRANCH>
  </Table>
  <Table>
    <CODE>051600</CODE>
    <VALUE>天津-蓟县</VALUE>
    <BRANCH>TJ</BRANCH>
  </Table>
  <Table>
    <CODE>060000</CODE>
    <VALUE>重庆</VALUE>
    <BRANCH>CQ</BRANCH>
  </Table>
  <Table>
    <CODE>060100</CODE>
    <VALUE>重庆-渝中区</VALUE>
    <BRANCH>CQ</BRANCH>
  </Table>
  <Table>
    <CODE>060200</CODE>
    <VALUE>重庆-大渡口区</VALUE>
    <BRANCH>CQ</BRANCH>
  </Table>
  <Table>
    <CODE>060300</CODE>
    <VALUE>重庆-江北区</VALUE>
    <BRANCH>CQ</BRANCH>
  </Table>
  <Table>
    <CODE>060400</CODE>
    <VALUE>重庆-沙坪坝区</VALUE>
    <BRANCH>CQ</BRANCH>
  </Table>
  <Table>
    <CODE>060600</CODE>
    <VALUE>重庆-合川区</VALUE>
    <BRANCH>CQ</BRANCH>
  </Table>
  <Table>
    <CODE>060700</CODE>
    <VALUE>重庆-渝北区</VALUE>
    <BRANCH>CQ</BRANCH>
  </Table>
  <Table>
    <CODE>060800</CODE>
    <VALUE>重庆-永川区</VALUE>
    <BRANCH>CQ</BRANCH>
  </Table>
  <Table>
    <CODE>060900</CODE>
    <VALUE>重庆-巴南区</VALUE>
    <BRANCH>CQ</BRANCH>
  </Table>
  <Table>
    <CODE>061000</CODE>
    <VALUE>重庆-南川区</VALUE>
    <BRANCH>CQ</BRANCH>
  </Table>
  <Table>
    <CODE>061100</CODE>
    <VALUE>重庆-九龙坡区</VALUE>
    <BRANCH>CQ</BRANCH>
  </Table>
  <Table>
    <CODE>061200</CODE>
    <VALUE>重庆-万州区</VALUE>
    <BRANCH>CQ</BRANCH>
  </Table>
  <Table>
    <CODE>061300</CODE>
    <VALUE>重庆-涪陵区</VALUE>
    <BRANCH>CQ</BRANCH>
  </Table>
  <Table>
    <CODE>061400</CODE>
    <VALUE>重庆-黔江区</VALUE>
    <BRANCH>CQ</BRANCH>
  </Table>
  <Table>
    <CODE>061500</CODE>
    <VALUE>重庆-南岸区</VALUE>
    <BRANCH>CQ</BRANCH>
  </Table>
  <Table>
    <CODE>061600</CODE>
    <VALUE>重庆-北碚区</VALUE>
    <BRANCH>CQ</BRANCH>
  </Table>
  <Table>
    <CODE>061700</CODE>
    <VALUE>重庆-长寿区</VALUE>
    <BRANCH>CQ</BRANCH>
  </Table>
  <Table>
    <CODE>061900</CODE>
    <VALUE>重庆-江津区</VALUE>
    <BRANCH>CQ</BRANCH>
  </Table>
  <Table>
    <CODE>062000</CODE>
    <VALUE>重庆-綦江区</VALUE>
    <BRANCH>CQ</BRANCH>
  </Table>
  <Table>
    <CODE>062100</CODE>
    <VALUE>重庆-潼南县</VALUE>
    <BRANCH>CQ</BRANCH>
  </Table>
  <Table>
    <CODE>062200</CODE>
    <VALUE>重庆-铜梁县</VALUE>
    <BRANCH>CQ</BRANCH>
  </Table>
  <Table>
    <CODE>062300</CODE>
    <VALUE>重庆-大足区</VALUE>
    <BRANCH>CQ</BRANCH>
  </Table>
  <Table>
    <CODE>062400</CODE>
    <VALUE>重庆-荣昌县</VALUE>
    <BRANCH>CQ</BRANCH>
  </Table>
  <Table>
    <CODE>062500</CODE>
    <VALUE>重庆-璧山县</VALUE>
    <BRANCH>CQ</BRANCH>
  </Table>
  <Table>
    <CODE>062600</CODE>
    <VALUE>重庆-垫江县</VALUE>
    <BRANCH>CQ</BRANCH>
  </Table>
  <Table>
    <CODE>062700</CODE>
    <VALUE>重庆-丰都县</VALUE>
    <BRANCH>CQ</BRANCH>
  </Table>
  <Table>
    <CODE>062800</CODE>
    <VALUE>重庆-忠县</VALUE>
    <BRANCH>CQ</BRANCH>
  </Table>
  <Table>
    <CODE>062900</CODE>
    <VALUE>重庆-石柱县</VALUE>
    <BRANCH>CQ</BRANCH>
  </Table>
  <Table>
    <CODE>063000</CODE>
    <VALUE>重庆-城口县</VALUE>
    <BRANCH>CQ</BRANCH>
  </Table>
  <Table>
    <CODE>063100</CODE>
    <VALUE>重庆-彭水县</VALUE>
    <BRANCH>CQ</BRANCH>
  </Table>
  <Table>
    <CODE>063200</CODE>
    <VALUE>重庆-梁平县</VALUE>
    <BRANCH>CQ</BRANCH>
  </Table>
  <Table>
    <CODE>063300</CODE>
    <VALUE>重庆-酉阳县</VALUE>
    <BRANCH>CQ</BRANCH>
  </Table>
  <Table>
    <CODE>063400</CODE>
    <VALUE>重庆-开县</VALUE>
    <BRANCH>CQ</BRANCH>
  </Table>
  <Table>
    <CODE>063500</CODE>
    <VALUE>重庆-秀山县</VALUE>
    <BRANCH>CQ</BRANCH>
  </Table>
  <Table>
    <CODE>063600</CODE>
    <VALUE>重庆-巫溪县</VALUE>
    <BRANCH>CQ</BRANCH>
  </Table>
  <Table>
    <CODE>063700</CODE>
    <VALUE>重庆-巫山县</VALUE>
    <BRANCH>CQ</BRANCH>
  </Table>
  <Table>
    <CODE>063800</CODE>
    <VALUE>重庆-奉节县</VALUE>
    <BRANCH>CQ</BRANCH>
  </Table>
  <Table>
    <CODE>063900</CODE>
    <VALUE>重庆-武隆县</VALUE>
    <BRANCH>CQ</BRANCH>
  </Table>
  <Table>
    <CODE>064000</CODE>
    <VALUE>重庆-云阳县</VALUE>
    <BRANCH>CQ</BRANCH>
  </Table>
  <Table>
    <CODE>070000</CODE>
    <VALUE>江苏省</VALUE>
    <BRANCH>EC</BRANCH>
  </Table>
  <Table>
    <CODE>070200</CODE>
    <VALUE>南京</VALUE>
    <BRANCH>NJ</BRANCH>
  </Table>
  <Table>
    <CODE>070201</CODE>
    <VALUE>南京-玄武区</VALUE>
    <BRANCH>NJ</BRANCH>
  </Table>
  <Table>
    <CODE>070202</CODE>
    <VALUE>南京-白下区</VALUE>
    <BRANCH>NJ</BRANCH>
  </Table>
  <Table>
    <CODE>070203</CODE>
    <VALUE>南京-秦淮区</VALUE>
    <BRANCH>NJ</BRANCH>
  </Table>
  <Table>
    <CODE>070204</CODE>
    <VALUE>南京-建邺区</VALUE>
    <BRANCH>NJ</BRANCH>
  </Table>
  <Table>
    <CODE>070205</CODE>
    <VALUE>南京-鼓楼区</VALUE>
    <BRANCH>NJ</BRANCH>
  </Table>
  <Table>
    <CODE>070206</CODE>
    <VALUE>南京-下关区</VALUE>
    <BRANCH>NJ</BRANCH>
  </Table>
  <Table>
    <CODE>070207</CODE>
    <VALUE>南京-浦口区</VALUE>
    <BRANCH>NJ</BRANCH>
  </Table>
  <Table>
    <CODE>070208</CODE>
    <VALUE>南京-六合区</VALUE>
    <BRANCH>NJ</BRANCH>
  </Table>
  <Table>
    <CODE>070209</CODE>
    <VALUE>南京-栖霞区</VALUE>
    <BRANCH>NJ</BRANCH>
  </Table>
  <Table>
    <CODE>070210</CODE>
    <VALUE>南京-雨花台区</VALUE>
    <BRANCH>NJ</BRANCH>
  </Table>
  <Table>
    <CODE>070211</CODE>
    <VALUE>南京-江宁区</VALUE>
    <BRANCH>NJ</BRANCH>
  </Table>
  <Table>
    <CODE>070212</CODE>
    <VALUE>南京-溧水区</VALUE>
    <BRANCH>NJ</BRANCH>
  </Table>
  <Table>
    <CODE>070213</CODE>
    <VALUE>南京-高淳区</VALUE>
    <BRANCH>NJ</BRANCH>
  </Table>
  <Table>
    <CODE>070300</CODE>
    <VALUE>苏州</VALUE>
    <BRANCH>SU</BRANCH>
  </Table>
  <Table>
    <CODE>070301</CODE>
    <VALUE>苏州-姑苏区</VALUE>
    <BRANCH>SU</BRANCH>
  </Table>
  <Table>
    <CODE>070302</CODE>
    <VALUE>苏州-虎丘区</VALUE>
    <BRANCH>SU</BRANCH>
  </Table>
  <Table>
    <CODE>070303</CODE>
    <VALUE>苏州-吴中区</VALUE>
    <BRANCH>SU</BRANCH>
  </Table>
  <Table>
    <CODE>070304</CODE>
    <VALUE>苏州-相城区</VALUE>
    <BRANCH>SU</BRANCH>
  </Table>
  <Table>
    <CODE>070305</CODE>
    <VALUE>苏州-吴江区</VALUE>
    <BRANCH>SU</BRANCH>
  </Table>
  <Table>
    <CODE>070306</CODE>
    <VALUE>苏州-工业园区</VALUE>
    <BRANCH>SU</BRANCH>
  </Table>
  <Table>
    <CODE>070307</CODE>
    <VALUE>苏州-高新区</VALUE>
    <BRANCH>SU</BRANCH>
  </Table>
  <Table>
    <CODE>070400</CODE>
    <VALUE>无锡</VALUE>
    <BRANCH>EC</BRANCH>
  </Table>
  <Table>
    <CODE>070401</CODE>
    <VALUE>无锡-崇安区</VALUE>
    <BRANCH>EC</BRANCH>
  </Table>
  <Table>
    <CODE>070402</CODE>
    <VALUE>无锡-南长区</VALUE>
    <BRANCH>EC</BRANCH>
  </Table>
  <Table>
    <CODE>070403</CODE>
    <VALUE>无锡-北塘区</VALUE>
    <BRANCH>EC</BRANCH>
  </Table>
  <Table>
    <CODE>070404</CODE>
    <VALUE>无锡-滨湖区</VALUE>
    <BRANCH>EC</BRANCH>
  </Table>
  <Table>
    <CODE>070405</CODE>
    <VALUE>无锡-无锡新区</VALUE>
    <BRANCH>EC</BRANCH>
  </Table>
  <Table>
    <CODE>070406</CODE>
    <VALUE>无锡-惠山区</VALUE>
    <BRANCH>EC</BRANCH>
  </Table>
  <Table>
    <CODE>070407</CODE>
    <VALUE>无锡-锡山区</VALUE>
    <BRANCH>EC</BRANCH>
  </Table>
  <Table>
    <CODE>070408</CODE>
    <VALUE>无锡-宜兴市</VALUE>
    <BRANCH>EC</BRANCH>
  </Table>
  <Table>
    <CODE>070409</CODE>
    <VALUE>无锡-江阴市</VALUE>
    <BRANCH>EC</BRANCH>
  </Table>
  <Table>
    <CODE>070500</CODE>
    <VALUE>常州</VALUE>
    <BRANCH>EC</BRANCH>
  </Table>
  <Table>
    <CODE>070501</CODE>
    <VALUE>常州-天宁区</VALUE>
    <BRANCH>EC</BRANCH>
  </Table>
  <Table>
    <CODE>070502</CODE>
    <VALUE>常州-钟楼区</VALUE>
    <BRANCH>EC</BRANCH>
  </Table>
  <Table>
    <CODE>070503</CODE>
    <VALUE>常州-戚墅堰区</VALUE>
    <BRANCH>EC</BRANCH>
  </Table>
  <Table>
    <CODE>070504</CODE>
    <VALUE>常州-新北区</VALUE>
    <BRANCH>EC</BRANCH>
  </Table>
  <Table>
    <CODE>070505</CODE>
    <VALUE>常州-武进区</VALUE>
    <BRANCH>EC</BRANCH>
  </Table>
  <Table>
    <CODE>070506</CODE>
    <VALUE>常州-金坛市</VALUE>
    <BRANCH>EC</BRANCH>
  </Table>
  <Table>
    <CODE>070507</CODE>
    <VALUE>常州-溧阳市</VALUE>
    <BRANCH>EC</BRANCH>
  </Table>
  <Table>
    <CODE>070600</CODE>
    <VALUE>昆山</VALUE>
    <BRANCH>SU</BRANCH>
  </Table>
  <Table>
    <CODE>070700</CODE>
    <VALUE>常熟</VALUE>
    <BRANCH>SU</BRANCH>
  </Table>
  <Table>
    <CODE>070800</CODE>
    <VALUE>扬州</VALUE>
    <BRANCH>EC</BRANCH>
  </Table>
  <Table>
    <CODE>070900</CODE>
    <VALUE>南通</VALUE>
    <BRANCH>EC</BRANCH>
  </Table>
  <Table>
    <CODE>071000</CODE>
    <VALUE>镇江</VALUE>
    <BRANCH>EC</BRANCH>
  </Table>
  <Table>
    <CODE>071100</CODE>
    <VALUE>徐州</VALUE>
    <BRANCH>EC</BRANCH>
  </Table>
  <Table>
    <CODE>071200</CODE>
    <VALUE>连云港</VALUE>
    <BRANCH>EC</BRANCH>
  </Table>
  <Table>
    <CODE>071300</CODE>
    <VALUE>盐城</VALUE>
    <BRANCH>EC</BRANCH>
  </Table>
  <Table>
    <CODE>071400</CODE>
    <VALUE>张家港</VALUE>
    <BRANCH>SU</BRANCH>
  </Table>
  <Table>
    <CODE>071600</CODE>
    <VALUE>太仓</VALUE>
    <BRANCH>SU</BRANCH>
  </Table>
  <Table>
    <CODE>071800</CODE>
    <VALUE>泰州</VALUE>
    <BRANCH>EC</BRANCH>
  </Table>
  <Table>
    <CODE>071900</CODE>
    <VALUE>淮安</VALUE>
    <BRANCH>EC</BRANCH>
  </Table>
  <Table>
    <CODE>072000</CODE>
    <VALUE>宿迁</VALUE>
    <BRANCH>EC</BRANCH>
  </Table>
  <Table>
    <CODE>072100</CODE>
    <VALUE>丹阳</VALUE>
    <BRANCH>EC</BRANCH>
  </Table>
  <Table>
    <CODE>072300</CODE>
    <VALUE>泰兴</VALUE>
    <BRANCH>EC</BRANCH>
  </Table>
  <Table>
    <CODE>072500</CODE>
    <VALUE>靖江</VALUE>
    <BRANCH>EC</BRANCH>
  </Table>
  <Table>
    <CODE>080000</CODE>
    <VALUE>浙江省</VALUE>
    <BRANCH>EC</BRANCH>
  </Table>
  <Table>
    <CODE>080200</CODE>
    <VALUE>杭州</VALUE>
    <BRANCH>HZ</BRANCH>
  </Table>
  <Table>
    <CODE>080201</CODE>
    <VALUE>杭州-拱墅区</VALUE>
    <BRANCH>HZ</BRANCH>
  </Table>
  <Table>
    <CODE>080202</CODE>
    <VALUE>杭州-上城区</VALUE>
    <BRANCH>HZ</BRANCH>
  </Table>
  <Table>
    <CODE>080203</CODE>
    <VALUE>杭州-下城区</VALUE>
    <BRANCH>HZ</BRANCH>
  </Table>
  <Table>
    <CODE>080204</CODE>
    <VALUE>杭州-江干区</VALUE>
    <BRANCH>HZ</BRANCH>
  </Table>
  <Table>
    <CODE>080205</CODE>
    <VALUE>杭州-西湖区</VALUE>
    <BRANCH>HZ</BRANCH>
  </Table>
  <Table>
    <CODE>080206</CODE>
    <VALUE>杭州-滨江区</VALUE>
    <BRANCH>HZ</BRANCH>
  </Table>
  <Table>
    <CODE>080207</CODE>
    <VALUE>杭州-余杭区</VALUE>
    <BRANCH>HZ</BRANCH>
  </Table>
  <Table>
    <CODE>080208</CODE>
    <VALUE>杭州-萧山区</VALUE>
    <BRANCH>HZ</BRANCH>
  </Table>
  <Table>
    <CODE>080209</CODE>
    <VALUE>杭州-临安市</VALUE>
    <BRANCH>HZ</BRANCH>
  </Table>
  <Table>
    <CODE>080210</CODE>
    <VALUE>杭州-富阳市</VALUE>
    <BRANCH>HZ</BRANCH>
  </Table>
  <Table>
    <CODE>080211</CODE>
    <VALUE>杭州-建德市</VALUE>
    <BRANCH>HZ</BRANCH>
  </Table>
  <Table>
    <CODE>080212</CODE>
    <VALUE>杭州-桐庐县</VALUE>
    <BRANCH>HZ</BRANCH>
  </Table>
  <Table>
    <CODE>080213</CODE>
    <VALUE>杭州-淳安县</VALUE>
    <BRANCH>HZ</BRANCH>
  </Table>
  <Table>
    <CODE>080300</CODE>
    <VALUE>宁波</VALUE>
    <BRANCH>NB</BRANCH>
  </Table>
  <Table>
    <CODE>080301</CODE>
    <VALUE>宁波-海曙区</VALUE>
    <BRANCH>NB</BRANCH>
  </Table>
  <Table>
    <CODE>080302</CODE>
    <VALUE>宁波-江东区</VALUE>
    <BRANCH>NB</BRANCH>
  </Table>
  <Table>
    <CODE>080303</CODE>
    <VALUE>宁波-江北区</VALUE>
    <BRANCH>NB</BRANCH>
  </Table>
  <Table>
    <CODE>080304</CODE>
    <VALUE>宁波-北仑区</VALUE>
    <BRANCH>NB</BRANCH>
  </Table>
  <Table>
    <CODE>080305</CODE>
    <VALUE>宁波-镇海区</VALUE>
    <BRANCH>NB</BRANCH>
  </Table>
  <Table>
    <CODE>080306</CODE>
    <VALUE>宁波-鄞州区</VALUE>
    <BRANCH>NB</BRANCH>
  </Table>
  <Table>
    <CODE>080307</CODE>
    <VALUE>宁波-慈溪市</VALUE>
    <BRANCH>NB</BRANCH>
  </Table>
  <Table>
    <CODE>080308</CODE>
    <VALUE>宁波-余姚市</VALUE>
    <BRANCH>NB</BRANCH>
  </Table>
  <Table>
    <CODE>080309</CODE>
    <VALUE>宁波-奉化市</VALUE>
    <BRANCH>NB</BRANCH>
  </Table>
  <Table>
    <CODE>080310</CODE>
    <VALUE>宁波-宁海县</VALUE>
    <BRANCH>NB</BRANCH>
  </Table>
  <Table>
    <CODE>080311</CODE>
    <VALUE>宁波-象山县</VALUE>
    <BRANCH>NB</BRANCH>
  </Table>
  <Table>
    <CODE>080312</CODE>
    <VALUE>宁波-高新区</VALUE>
    <BRANCH>NB</BRANCH>
  </Table>
  <Table>
    <CODE>080400</CODE>
    <VALUE>温州</VALUE>
    <BRANCH>EC</BRANCH>
  </Table>
  <Table>
    <CODE>080500</CODE>
    <VALUE>绍兴</VALUE>
    <BRANCH>EC</BRANCH>
  </Table>
  <Table>
    <CODE>080600</CODE>
    <VALUE>金华</VALUE>
    <BRANCH>EC</BRANCH>
  </Table>
  <Table>
    <CODE>080700</CODE>
    <VALUE>嘉兴</VALUE>
    <BRANCH>EC</BRANCH>
  </Table>
  <Table>
    <CODE>080800</CODE>
    <VALUE>台州</VALUE>
    <BRANCH>EC</BRANCH>
  </Table>
  <Table>
    <CODE>080900</CODE>
    <VALUE>湖州</VALUE>
    <BRANCH>EC</BRANCH>
  </Table>
  <Table>
    <CODE>081000</CODE>
    <VALUE>丽水</VALUE>
    <BRANCH>EC</BRANCH>
  </Table>
  <Table>
    <CODE>081100</CODE>
    <VALUE>舟山</VALUE>
    <BRANCH>EC</BRANCH>
  </Table>
  <Table>
    <CODE>081200</CODE>
    <VALUE>衢州</VALUE>
    <BRANCH>EC</BRANCH>
  </Table>
  <Table>
    <CODE>081400</CODE>
    <VALUE>义乌</VALUE>
    <BRANCH>EC</BRANCH>
  </Table>
  <Table>
    <CODE>081600</CODE>
    <VALUE>海宁</VALUE>
    <BRANCH>EC</BRANCH>
  </Table>
  <Table>
    <CODE>090000</CODE>
    <VALUE>四川省</VALUE>
    <BRANCH>EC</BRANCH>
  </Table>
  <Table>
    <CODE>090200</CODE>
    <VALUE>成都</VALUE>
    <BRANCH>CD</BRANCH>
  </Table>
  <Table>
    <CODE>090201</CODE>
    <VALUE>成都-青羊区</VALUE>
    <BRANCH>CD</BRANCH>
  </Table>
  <Table>
    <CODE>090202</CODE>
    <VALUE>成都-锦江区</VALUE>
    <BRANCH>CD</BRANCH>
  </Table>
  <Table>
    <CODE>090203</CODE>
    <VALUE>成都-金牛区</VALUE>
    <BRANCH>CD</BRANCH>
  </Table>
  <Table>
    <CODE>090204</CODE>
    <VALUE>成都-武侯区</VALUE>
    <BRANCH>CD</BRANCH>
  </Table>
  <Table>
    <CODE>090205</CODE>
    <VALUE>成都-成华区</VALUE>
    <BRANCH>CD</BRANCH>
  </Table>
  <Table>
    <CODE>090206</CODE>
    <VALUE>成都-龙泉驿区</VALUE>
    <BRANCH>CD</BRANCH>
  </Table>
  <Table>
    <CODE>090207</CODE>
    <VALUE>成都-青白江区</VALUE>
    <BRANCH>CD</BRANCH>
  </Table>
  <Table>
    <CODE>090208</CODE>
    <VALUE>成都-新都区</VALUE>
    <BRANCH>CD</BRANCH>
  </Table>
  <Table>
    <CODE>090209</CODE>
    <VALUE>成都-温江区</VALUE>
    <BRANCH>CD</BRANCH>
  </Table>
  <Table>
    <CODE>090210</CODE>
    <VALUE>成都-都江堰市</VALUE>
    <BRANCH>CD</BRANCH>
  </Table>
  <Table>
    <CODE>090211</CODE>
    <VALUE>成都-彭州市</VALUE>
    <BRANCH>CD</BRANCH>
  </Table>
  <Table>
    <CODE>090212</CODE>
    <VALUE>成都-邛崃市</VALUE>
    <BRANCH>CD</BRANCH>
  </Table>
  <Table>
    <CODE>090213</CODE>
    <VALUE>成都-崇州市</VALUE>
    <BRANCH>CD</BRANCH>
  </Table>
  <Table>
    <CODE>090214</CODE>
    <VALUE>成都-金堂县</VALUE>
    <BRANCH>CD</BRANCH>
  </Table>
  <Table>
    <CODE>090215</CODE>
    <VALUE>成都-双流县</VALUE>
    <BRANCH>CD</BRANCH>
  </Table>
  <Table>
    <CODE>090216</CODE>
    <VALUE>成都-郫县</VALUE>
    <BRANCH>CD</BRANCH>
  </Table>
  <Table>
    <CODE>090217</CODE>
    <VALUE>成都-大邑县</VALUE>
    <BRANCH>CD</BRANCH>
  </Table>
  <Table>
    <CODE>090218</CODE>
    <VALUE>成都-蒲江县</VALUE>
    <BRANCH>CD</BRANCH>
  </Table>
  <Table>
    <CODE>090219</CODE>
    <VALUE>成都-新津县</VALUE>
    <BRANCH>CD</BRANCH>
  </Table>
  <Table>
    <CODE>090220</CODE>
    <VALUE>成都-高新区</VALUE>
    <BRANCH>CD</BRANCH>
  </Table>
  <Table>
    <CODE>090300</CODE>
    <VALUE>绵阳</VALUE>
    <BRANCH>EC</BRANCH>
  </Table>
  <Table>
    <CODE>090400</CODE>
    <VALUE>乐山</VALUE>
    <BRANCH>EC</BRANCH>
  </Table>
  <Table>
    <CODE>090500</CODE>
    <VALUE>泸州</VALUE>
    <BRANCH>EC</BRANCH>
  </Table>
  <Table>
    <CODE>090600</CODE>
    <VALUE>德阳</VALUE>
    <BRANCH>EC</BRANCH>
  </Table>
  <Table>
    <CODE>090700</CODE>
    <VALUE>宜宾</VALUE>
    <BRANCH>EC</BRANCH>
  </Table>
  <Table>
    <CODE>090800</CODE>
    <VALUE>自贡</VALUE>
    <BRANCH>EC</BRANCH>
  </Table>
  <Table>
    <CODE>090900</CODE>
    <VALUE>内江</VALUE>
    <BRANCH>EC</BRANCH>
  </Table>
  <Table>
    <CODE>091000</CODE>
    <VALUE>攀枝花</VALUE>
    <BRANCH>EC</BRANCH>
  </Table>
  <Table>
    <CODE>091100</CODE>
    <VALUE>南充</VALUE>
    <BRANCH>EC</BRANCH>
  </Table>
  <Table>
    <CODE>091200</CODE>
    <VALUE>眉山</VALUE>
    <BRANCH>CD</BRANCH>
  </Table>
  <Table>
    <CODE>091300</CODE>
    <VALUE>广安</VALUE>
    <BRANCH>EC</BRANCH>
  </Table>
  <Table>
    <CODE>091400</CODE>
    <VALUE>资阳</VALUE>
    <BRANCH>CD</BRANCH>
  </Table>
  <Table>
    <CODE>091500</CODE>
    <VALUE>遂宁</VALUE>
    <BRANCH>EC</BRANCH>
  </Table>
  <Table>
    <CODE>091600</CODE>
    <VALUE>广元</VALUE>
    <BRANCH>EC</BRANCH>
  </Table>
  <Table>
    <CODE>091700</CODE>
    <VALUE>达州</VALUE>
    <BRANCH>EC</BRANCH>
  </Table>
  <Table>
    <CODE>091800</CODE>
    <VALUE>雅安</VALUE>
    <BRANCH>EC</BRANCH>
  </Table>
  <Table>
    <CODE>091900</CODE>
    <VALUE>西昌</VALUE>
    <BRANCH>EC</BRANCH>
  </Table>
  <Table>
    <CODE>092000</CODE>
    <VALUE>巴中</VALUE>
    <BRANCH>EC</BRANCH>
  </Table>
  <Table>
    <CODE>092100</CODE>
    <VALUE>甘孜</VALUE>
    <BRANCH>EC</BRANCH>
  </Table>
  <Table>
    <CODE>092200</CODE>
    <VALUE>阿坝</VALUE>
    <BRANCH>EC</BRANCH>
  </Table>
  <Table>
    <CODE>092300</CODE>
    <VALUE>凉山</VALUE>
    <BRANCH>EC</BRANCH>
  </Table>
  <Table>
    <CODE>100000</CODE>
    <VALUE>海南省</VALUE>
    <BRANCH>EC</BRANCH>
  </Table>
  <Table>
    <CODE>100200</CODE>
    <VALUE>海口</VALUE>
    <BRANCH>EC</BRANCH>
  </Table>
  <Table>
    <CODE>100300</CODE>
    <VALUE>三亚</VALUE>
    <BRANCH>EC</BRANCH>
  </Table>
  <Table>
    <CODE>100400</CODE>
    <VALUE>洋浦经济开发区</VALUE>
    <BRANCH>EC</BRANCH>
  </Table>
  <Table>
    <CODE>100500</CODE>
    <VALUE>文昌</VALUE>
    <BRANCH>EC</BRANCH>
  </Table>
  <Table>
    <CODE>100600</CODE>
    <VALUE>琼海</VALUE>
    <BRANCH>EC</BRANCH>
  </Table>
  <Table>
    <CODE>100700</CODE>
    <VALUE>万宁</VALUE>
    <BRANCH>EC</BRANCH>
  </Table>
  <Table>
    <CODE>100800</CODE>
    <VALUE>儋州</VALUE>
    <BRANCH>EC</BRANCH>
  </Table>
  <Table>
    <CODE>100900</CODE>
    <VALUE>东方</VALUE>
    <BRANCH>EC</BRANCH>
  </Table>
  <Table>
    <CODE>101000</CODE>
    <VALUE>五指山</VALUE>
    <BRANCH>EC</BRANCH>
  </Table>
  <Table>
    <CODE>101100</CODE>
    <VALUE>定安</VALUE>
    <BRANCH>EC</BRANCH>
  </Table>
  <Table>
    <CODE>101200</CODE>
    <VALUE>屯昌</VALUE>
    <BRANCH>EC</BRANCH>
  </Table>
  <Table>
    <CODE>101300</CODE>
    <VALUE>澄迈</VALUE>
    <BRANCH>EC</BRANCH>
  </Table>
  <Table>
    <CODE>101400</CODE>
    <VALUE>临高</VALUE>
    <BRANCH>EC</BRANCH>
  </Table>
  <Table>
    <CODE>101500</CODE>
    <VALUE>三沙</VALUE>
    <BRANCH>EC</BRANCH>
  </Table>
  <Table>
    <CODE>101600</CODE>
    <VALUE>琼中</VALUE>
    <BRANCH>EC</BRANCH>
  </Table>
  <Table>
    <CODE>101700</CODE>
    <VALUE>保亭</VALUE>
    <BRANCH>EC</BRANCH>
  </Table>
  <Table>
    <CODE>101800</CODE>
    <VALUE>白沙</VALUE>
    <BRANCH>EC</BRANCH>
  </Table>
  <Table>
    <CODE>101900</CODE>
    <VALUE>昌江</VALUE>
    <BRANCH>EC</BRANCH>
  </Table>
  <Table>
    <CODE>102000</CODE>
    <VALUE>乐东</VALUE>
    <BRANCH>EC</BRANCH>
  </Table>
  <Table>
    <CODE>102100</CODE>
    <VALUE>陵水</VALUE>
    <BRANCH>EC</BRANCH>
  </Table>
  <Table>
    <CODE>110000</CODE>
    <VALUE>福建省</VALUE>
    <BRANCH>EC</BRANCH>
  </Table>
  <Table>
    <CODE>110200</CODE>
    <VALUE>福州</VALUE>
    <BRANCH>FZ</BRANCH>
  </Table>
  <Table>
    <CODE>110201</CODE>
    <VALUE>福州-鼓楼区</VALUE>
    <BRANCH>FZ</BRANCH>
  </Table>
  <Table>
    <CODE>110202</CODE>
    <VALUE>福州-台江区</VALUE>
    <BRANCH>FZ</BRANCH>
  </Table>
  <Table>
    <CODE>110203</CODE>
    <VALUE>福州-仓山区</VALUE>
    <BRANCH>FZ</BRANCH>
  </Table>
  <Table>
    <CODE>110204</CODE>
    <VALUE>福州-马尾区</VALUE>
    <BRANCH>FZ</BRANCH>
  </Table>
  <Table>
    <CODE>110205</CODE>
    <VALUE>福州-晋安区</VALUE>
    <BRANCH>FZ</BRANCH>
  </Table>
  <Table>
    <CODE>110206</CODE>
    <VALUE>福州-闽侯县</VALUE>
    <BRANCH>FZ</BRANCH>
  </Table>
  <Table>
    <CODE>110207</CODE>
    <VALUE>福州-连江县</VALUE>
    <BRANCH>FZ</BRANCH>
  </Table>
  <Table>
    <CODE>110208</CODE>
    <VALUE>福州-罗源县</VALUE>
    <BRANCH>FZ</BRANCH>
  </Table>
  <Table>
    <CODE>110209</CODE>
    <VALUE>福州-闽清县</VALUE>
    <BRANCH>FZ</BRANCH>
  </Table>
  <Table>
    <CODE>110210</CODE>
    <VALUE>福州-永泰县</VALUE>
    <BRANCH>FZ</BRANCH>
  </Table>
  <Table>
    <CODE>110211</CODE>
    <VALUE>福州-平潭县</VALUE>
    <BRANCH>FZ</BRANCH>
  </Table>
  <Table>
    <CODE>110212</CODE>
    <VALUE>福州-福清市</VALUE>
    <BRANCH>FZ</BRANCH>
  </Table>
  <Table>
    <CODE>110213</CODE>
    <VALUE>福州-长乐市</VALUE>
    <BRANCH>FZ</BRANCH>
  </Table>
  <Table>
    <CODE>110300</CODE>
    <VALUE>厦门</VALUE>
    <BRANCH>EC</BRANCH>
  </Table>
  <Table>
    <CODE>110400</CODE>
    <VALUE>泉州</VALUE>
    <BRANCH>EC</BRANCH>
  </Table>
  <Table>
    <CODE>110500</CODE>
    <VALUE>漳州</VALUE>
    <BRANCH>EC</BRANCH>
  </Table>
  <Table>
    <CODE>110600</CODE>
    <VALUE>莆田</VALUE>
    <BRANCH>EC</BRANCH>
  </Table>
  <Table>
    <CODE>110700</CODE>
    <VALUE>三明</VALUE>
    <BRANCH>EC</BRANCH>
  </Table>
  <Table>
    <CODE>110800</CODE>
    <VALUE>南平</VALUE>
    <BRANCH>EC</BRANCH>
  </Table>
  <Table>
    <CODE>110900</CODE>
    <VALUE>宁德</VALUE>
    <BRANCH>EC</BRANCH>
  </Table>
  <Table>
    <CODE>111000</CODE>
    <VALUE>龙岩</VALUE>
    <BRANCH>EC</BRANCH>
  </Table>
  <Table>
    <CODE>120000</CODE>
    <VALUE>山东省</VALUE>
    <BRANCH>EC</BRANCH>
  </Table>
  <Table>
    <CODE>120200</CODE>
    <VALUE>济南</VALUE>
    <BRANCH>JN</BRANCH>
  </Table>
  <Table>
    <CODE>120201</CODE>
    <VALUE>济南-历下区</VALUE>
    <BRANCH>JN</BRANCH>
  </Table>
  <Table>
    <CODE>120202</CODE>
    <VALUE>济南-市中区</VALUE>
    <BRANCH>JN</BRANCH>
  </Table>
  <Table>
    <CODE>120203</CODE>
    <VALUE>济南-槐荫区</VALUE>
    <BRANCH>JN</BRANCH>
  </Table>
  <Table>
    <CODE>120204</CODE>
    <VALUE>济南-天桥区</VALUE>
    <BRANCH>JN</BRANCH>
  </Table>
  <Table>
    <CODE>120205</CODE>
    <VALUE>济南-历城区</VALUE>
    <BRANCH>JN</BRANCH>
  </Table>
  <Table>
    <CODE>120206</CODE>
    <VALUE>济南-长清区</VALUE>
    <BRANCH>JN</BRANCH>
  </Table>
  <Table>
    <CODE>120207</CODE>
    <VALUE>济南-平阴县</VALUE>
    <BRANCH>JN</BRANCH>
  </Table>
  <Table>
    <CODE>120208</CODE>
    <VALUE>济南-济阳县</VALUE>
    <BRANCH>JN</BRANCH>
  </Table>
  <Table>
    <CODE>120209</CODE>
    <VALUE>济南-商河县</VALUE>
    <BRANCH>JN</BRANCH>
  </Table>
  <Table>
    <CODE>120210</CODE>
    <VALUE>济南-章丘市</VALUE>
    <BRANCH>JN</BRANCH>
  </Table>
  <Table>
    <CODE>120211</CODE>
    <VALUE>济南-高新区</VALUE>
    <BRANCH>JN</BRANCH>
  </Table>
  <Table>
    <CODE>120300</CODE>
    <VALUE>青岛</VALUE>
    <BRANCH>QD</BRANCH>
  </Table>
  <Table>
    <CODE>120301</CODE>
    <VALUE>青岛-市南区</VALUE>
    <BRANCH>QD</BRANCH>
  </Table>
  <Table>
    <CODE>120302</CODE>
    <VALUE>青岛-市北区</VALUE>
    <BRANCH>QD</BRANCH>
  </Table>
  <Table>
    <CODE>120303</CODE>
    <VALUE>青岛-黄岛区</VALUE>
    <BRANCH>QD</BRANCH>
  </Table>
  <Table>
    <CODE>120304</CODE>
    <VALUE>青岛-崂山区</VALUE>
    <BRANCH>QD</BRANCH>
  </Table>
  <Table>
    <CODE>120305</CODE>
    <VALUE>青岛-城阳区</VALUE>
    <BRANCH>QD</BRANCH>
  </Table>
  <Table>
    <CODE>120306</CODE>
    <VALUE>青岛-李沧区</VALUE>
    <BRANCH>QD</BRANCH>
  </Table>
  <Table>
    <CODE>120307</CODE>
    <VALUE>青岛-胶州市</VALUE>
    <BRANCH>QD</BRANCH>
  </Table>
  <Table>
    <CODE>120308</CODE>
    <VALUE>青岛-即墨市</VALUE>
    <BRANCH>QD</BRANCH>
  </Table>
  <Table>
    <CODE>120309</CODE>
    <VALUE>青岛-平度市</VALUE>
    <BRANCH>QD</BRANCH>
  </Table>
  <Table>
    <CODE>120310</CODE>
    <VALUE>青岛-莱西市</VALUE>
    <BRANCH>QD</BRANCH>
  </Table>
  <Table>
    <CODE>120400</CODE>
    <VALUE>烟台</VALUE>
    <BRANCH>EC</BRANCH>
  </Table>
  <Table>
    <CODE>120500</CODE>
    <VALUE>潍坊</VALUE>
    <BRANCH>EC</BRANCH>
  </Table>
  <Table>
    <CODE>120600</CODE>
    <VALUE>威海</VALUE>
    <BRANCH>EC</BRANCH>
  </Table>
  <Table>
    <CODE>120700</CODE>
    <VALUE>淄博</VALUE>
    <BRANCH>EC</BRANCH>
  </Table>
  <Table>
    <CODE>120800</CODE>
    <VALUE>临沂</VALUE>
    <BRANCH>EC</BRANCH>
  </Table>
  <Table>
    <CODE>120900</CODE>
    <VALUE>济宁</VALUE>
    <BRANCH>EC</BRANCH>
  </Table>
  <Table>
    <CODE>121000</CODE>
    <VALUE>东营</VALUE>
    <BRANCH>EC</BRANCH>
  </Table>
  <Table>
    <CODE>121100</CODE>
    <VALUE>泰安</VALUE>
    <BRANCH>EC</BRANCH>
  </Table>
  <Table>
    <CODE>121200</CODE>
    <VALUE>日照</VALUE>
    <BRANCH>EC</BRANCH>
  </Table>
  <Table>
    <CODE>121300</CODE>
    <VALUE>德州</VALUE>
    <BRANCH>EC</BRANCH>
  </Table>
  <Table>
    <CODE>121400</CODE>
    <VALUE>菏泽</VALUE>
    <BRANCH>EC</BRANCH>
  </Table>
  <Table>
    <CODE>121500</CODE>
    <VALUE>滨州</VALUE>
    <BRANCH>EC</BRANCH>
  </Table>
  <Table>
    <CODE>121600</CODE>
    <VALUE>枣庄</VALUE>
    <BRANCH>EC</BRANCH>
  </Table>
  <Table>
    <CODE>121700</CODE>
    <VALUE>聊城</VALUE>
    <BRANCH>EC</BRANCH>
  </Table>
  <Table>
    <CODE>121800</CODE>
    <VALUE>莱芜</VALUE>
    <BRANCH>EC</BRANCH>
  </Table>
  <Table>
    <CODE>130000</CODE>
    <VALUE>江西省</VALUE>
    <BRANCH>EC</BRANCH>
  </Table>
  <Table>
    <CODE>130200</CODE>
    <VALUE>南昌</VALUE>
    <BRANCH>EC</BRANCH>
  </Table>
  <Table>
    <CODE>130201</CODE>
    <VALUE>南昌-东湖区</VALUE>
    <BRANCH>EC</BRANCH>
  </Table>
  <Table>
    <CODE>130202</CODE>
    <VALUE>南昌-西湖区</VALUE>
    <BRANCH>EC</BRANCH>
  </Table>
  <Table>
    <CODE>130203</CODE>
    <VALUE>南昌-青云谱区</VALUE>
    <BRANCH>EC</BRANCH>
  </Table>
  <Table>
    <CODE>130204</CODE>
    <VALUE>南昌-湾里区</VALUE>
    <BRANCH>EC</BRANCH>
  </Table>
  <Table>
    <CODE>130205</CODE>
    <VALUE>南昌-青山湖区</VALUE>
    <BRANCH>EC</BRANCH>
  </Table>
  <Table>
    <CODE>130206</CODE>
    <VALUE>南昌-南昌县</VALUE>
    <BRANCH>EC</BRANCH>
  </Table>
  <Table>
    <CODE>130207</CODE>
    <VALUE>南昌-新建县</VALUE>
    <BRANCH>EC</BRANCH>
  </Table>
  <Table>
    <CODE>130208</CODE>
    <VALUE>南昌-安义县</VALUE>
    <BRANCH>EC</BRANCH>
  </Table>
  <Table>
    <CODE>130209</CODE>
    <VALUE>南昌-进贤县</VALUE>
    <BRANCH>EC</BRANCH>
  </Table>
  <Table>
    <CODE>130210</CODE>
    <VALUE>南昌-红谷滩新区</VALUE>
    <BRANCH>EC</BRANCH>
  </Table>
  <Table>
    <CODE>130300</CODE>
    <VALUE>九江</VALUE>
    <BRANCH>EC</BRANCH>
  </Table>
  <Table>
    <CODE>130400</CODE>
    <VALUE>景德镇</VALUE>
    <BRANCH>EC</BRANCH>
  </Table>
  <Table>
    <CODE>130500</CODE>
    <VALUE>萍乡</VALUE>
    <BRANCH>EC</BRANCH>
  </Table>
  <Table>
    <CODE>130600</CODE>
    <VALUE>新余</VALUE>
    <BRANCH>EC</BRANCH>
  </Table>
  <Table>
    <CODE>130700</CODE>
    <VALUE>鹰潭</VALUE>
    <BRANCH>EC</BRANCH>
  </Table>
  <Table>
    <CODE>130800</CODE>
    <VALUE>赣州</VALUE>
    <BRANCH>EC</BRANCH>
  </Table>
  <Table>
    <CODE>130900</CODE>
    <VALUE>吉安</VALUE>
    <BRANCH>EC</BRANCH>
  </Table>
  <Table>
    <CODE>131000</CODE>
    <VALUE>宜春</VALUE>
    <BRANCH>EC</BRANCH>
  </Table>
  <Table>
    <CODE>131100</CODE>
    <VALUE>抚州</VALUE>
    <BRANCH>EC</BRANCH>
  </Table>
  <Table>
    <CODE>131200</CODE>
    <VALUE>上饶</VALUE>
    <BRANCH>EC</BRANCH>
  </Table>
  <Table>
    <CODE>140000</CODE>
    <VALUE>广西</VALUE>
    <BRANCH>EC</BRANCH>
  </Table>
  <Table>
    <CODE>140200</CODE>
    <VALUE>南宁</VALUE>
    <BRANCH>EC</BRANCH>
  </Table>
  <Table>
    <CODE>140300</CODE>
    <VALUE>桂林</VALUE>
    <BRANCH>EC</BRANCH>
  </Table>
  <Table>
    <CODE>140400</CODE>
    <VALUE>柳州</VALUE>
    <BRANCH>EC</BRANCH>
  </Table>
  <Table>
    <CODE>140500</CODE>
    <VALUE>北海</VALUE>
    <BRANCH>EC</BRANCH>
  </Table>
  <Table>
    <CODE>140600</CODE>
    <VALUE>玉林</VALUE>
    <BRANCH>EC</BRANCH>
  </Table>
  <Table>
    <CODE>140700</CODE>
    <VALUE>梧州</VALUE>
    <BRANCH>EC</BRANCH>
  </Table>
  <Table>
    <CODE>140800</CODE>
    <VALUE>防城港</VALUE>
    <BRANCH>EC</BRANCH>
  </Table>
  <Table>
    <CODE>140900</CODE>
    <VALUE>钦州</VALUE>
    <BRANCH>EC</BRANCH>
  </Table>
  <Table>
    <CODE>141000</CODE>
    <VALUE>贵港</VALUE>
    <BRANCH>EC</BRANCH>
  </Table>
  <Table>
    <CODE>141100</CODE>
    <VALUE>百色</VALUE>
    <BRANCH>EC</BRANCH>
  </Table>
  <Table>
    <CODE>141200</CODE>
    <VALUE>河池</VALUE>
    <BRANCH>EC</BRANCH>
  </Table>
  <Table>
    <CODE>141300</CODE>
    <VALUE>来宾</VALUE>
    <BRANCH>EC</BRANCH>
  </Table>
  <Table>
    <CODE>141400</CODE>
    <VALUE>崇左</VALUE>
    <BRANCH>EC</BRANCH>
  </Table>
  <Table>
    <CODE>141500</CODE>
    <VALUE>贺州</VALUE>
    <BRANCH>EC</BRANCH>
  </Table>
  <Table>
    <CODE>150000</CODE>
    <VALUE>安徽省</VALUE>
    <BRANCH>EC</BRANCH>
  </Table>
  <Table>
    <CODE>150200</CODE>
    <VALUE>合肥</VALUE>
    <BRANCH>HF</BRANCH>
  </Table>
  <Table>
    <CODE>150201</CODE>
    <VALUE>合肥-瑶海区</VALUE>
    <BRANCH>HF</BRANCH>
  </Table>
  <Table>
    <CODE>150202</CODE>
    <VALUE>合肥-庐阳区</VALUE>
    <BRANCH>HF</BRANCH>
  </Table>
  <Table>
    <CODE>150203</CODE>
    <VALUE>合肥-蜀山区</VALUE>
    <BRANCH>HF</BRANCH>
  </Table>
  <Table>
    <CODE>150204</CODE>
    <VALUE>合肥-包河区</VALUE>
    <BRANCH>HF</BRANCH>
  </Table>
  <Table>
    <CODE>150205</CODE>
    <VALUE>合肥-经开区</VALUE>
    <BRANCH>HF</BRANCH>
  </Table>
  <Table>
    <CODE>150206</CODE>
    <VALUE>合肥-滨湖新区</VALUE>
    <BRANCH>HF</BRANCH>
  </Table>
  <Table>
    <CODE>150207</CODE>
    <VALUE>合肥-新站区</VALUE>
    <BRANCH>HF</BRANCH>
  </Table>
  <Table>
    <CODE>150208</CODE>
    <VALUE>合肥-高新区</VALUE>
    <BRANCH>HF</BRANCH>
  </Table>
  <Table>
    <CODE>150209</CODE>
    <VALUE>合肥-政务区</VALUE>
    <BRANCH>HF</BRANCH>
  </Table>
  <Table>
    <CODE>150210</CODE>
    <VALUE>合肥-北城新区</VALUE>
    <BRANCH>HF</BRANCH>
  </Table>
  <Table>
    <CODE>150211</CODE>
    <VALUE>合肥-巢湖市</VALUE>
    <BRANCH>EC</BRANCH>
  </Table>
  <Table>
    <CODE>150212</CODE>
    <VALUE>合肥-长丰县</VALUE>
    <BRANCH>HF</BRANCH>
  </Table>
  <Table>
    <CODE>150213</CODE>
    <VALUE>合肥-肥东县</VALUE>
    <BRANCH>HF</BRANCH>
  </Table>
  <Table>
    <CODE>150214</CODE>
    <VALUE>合肥-肥西县</VALUE>
    <BRANCH>HF</BRANCH>
  </Table>
  <Table>
    <CODE>150215</CODE>
    <VALUE>合肥-庐江县</VALUE>
    <BRANCH>HF</BRANCH>
  </Table>
  <Table>
    <CODE>150300</CODE>
    <VALUE>芜湖</VALUE>
    <BRANCH>EC</BRANCH>
  </Table>
  <Table>
    <CODE>150400</CODE>
    <VALUE>安庆</VALUE>
    <BRANCH>EC</BRANCH>
  </Table>
  <Table>
    <CODE>150500</CODE>
    <VALUE>马鞍山</VALUE>
    <BRANCH>EC</BRANCH>
  </Table>
  <Table>
    <CODE>150600</CODE>
    <VALUE>蚌埠</VALUE>
    <BRANCH>EC</BRANCH>
  </Table>
  <Table>
    <CODE>150700</CODE>
    <VALUE>阜阳</VALUE>
    <BRANCH>EC</BRANCH>
  </Table>
  <Table>
    <CODE>150800</CODE>
    <VALUE>铜陵</VALUE>
    <BRANCH>EC</BRANCH>
  </Table>
  <Table>
    <CODE>150900</CODE>
    <VALUE>滁州</VALUE>
    <BRANCH>EC</BRANCH>
  </Table>
  <Table>
    <CODE>151000</CODE>
    <VALUE>黄山</VALUE>
    <BRANCH>EC</BRANCH>
  </Table>
  <Table>
    <CODE>151100</CODE>
    <VALUE>淮南</VALUE>
    <BRANCH>EC</BRANCH>
  </Table>
  <Table>
    <CODE>151200</CODE>
    <VALUE>六安</VALUE>
    <BRANCH>EC</BRANCH>
  </Table>
  <Table>
    <CODE>151400</CODE>
    <VALUE>宣城</VALUE>
    <BRANCH>EC</BRANCH>
  </Table>
  <Table>
    <CODE>151500</CODE>
    <VALUE>池州</VALUE>
    <BRANCH>EC</BRANCH>
  </Table>
  <Table>
    <CODE>151600</CODE>
    <VALUE>宿州</VALUE>
    <BRANCH>EC</BRANCH>
  </Table>
  <Table>
    <CODE>151700</CODE>
    <VALUE>淮北</VALUE>
    <BRANCH>EC</BRANCH>
  </Table>
  <Table>
    <CODE>151800</CODE>
    <VALUE>亳州</VALUE>
    <BRANCH>EC</BRANCH>
  </Table>
  <Table>
    <CODE>160000</CODE>
    <VALUE>河北省</VALUE>
    <BRANCH>EC</BRANCH>
  </Table>
  <Table>
    <CODE>160200</CODE>
    <VALUE>石家庄</VALUE>
    <BRANCH>EC</BRANCH>
  </Table>
  <Table>
    <CODE>160300</CODE>
    <VALUE>廊坊</VALUE>
    <BRANCH>EC</BRANCH>
  </Table>
  <Table>
    <CODE>160400</CODE>
    <VALUE>保定</VALUE>
    <BRANCH>EC</BRANCH>
  </Table>
  <Table>
    <CODE>160500</CODE>
    <VALUE>唐山</VALUE>
    <BRANCH>EC</BRANCH>
  </Table>
  <Table>
    <CODE>160600</CODE>
    <VALUE>秦皇岛</VALUE>
    <BRANCH>EC</BRANCH>
  </Table>
  <Table>
    <CODE>160700</CODE>
    <VALUE>邯郸</VALUE>
    <BRANCH>EC</BRANCH>
  </Table>
  <Table>
    <CODE>160800</CODE>
    <VALUE>沧州</VALUE>
    <BRANCH>EC</BRANCH>
  </Table>
  <Table>
    <CODE>160900</CODE>
    <VALUE>张家口</VALUE>
    <BRANCH>EC</BRANCH>
  </Table>
  <Table>
    <CODE>161000</CODE>
    <VALUE>承德</VALUE>
    <BRANCH>EC</BRANCH>
  </Table>
  <Table>
    <CODE>161100</CODE>
    <VALUE>邢台</VALUE>
    <BRANCH>EC</BRANCH>
  </Table>
  <Table>
    <CODE>161200</CODE>
    <VALUE>衡水</VALUE>
    <BRANCH>EC</BRANCH>
  </Table>
  <Table>
    <CODE>161300</CODE>
    <VALUE>燕郊开发区</VALUE>
    <BRANCH>EC</BRANCH>
  </Table>
  <Table>
    <CODE>170000</CODE>
    <VALUE>河南省</VALUE>
    <BRANCH>EC</BRANCH>
  </Table>
  <Table>
    <CODE>170200</CODE>
    <VALUE>郑州</VALUE>
    <BRANCH>ZZ</BRANCH>
  </Table>
  <Table>
    <CODE>170201</CODE>
    <VALUE>郑州-中原区</VALUE>
    <BRANCH>ZZ</BRANCH>
  </Table>
  <Table>
    <CODE>170202</CODE>
    <VALUE>郑州-二七区</VALUE>
    <BRANCH>ZZ</BRANCH>
  </Table>
  <Table>
    <CODE>170203</CODE>
    <VALUE>郑州-管城回族区</VALUE>
    <BRANCH>ZZ</BRANCH>
  </Table>
  <Table>
    <CODE>170204</CODE>
    <VALUE>郑州-金水区</VALUE>
    <BRANCH>ZZ</BRANCH>
  </Table>
  <Table>
    <CODE>170205</CODE>
    <VALUE>郑州-上街区</VALUE>
    <BRANCH>ZZ</BRANCH>
  </Table>
  <Table>
    <CODE>170206</CODE>
    <VALUE>郑州-惠济区</VALUE>
    <BRANCH>ZZ</BRANCH>
  </Table>
  <Table>
    <CODE>170207</CODE>
    <VALUE>郑州-中牟县</VALUE>
    <BRANCH>ZZ</BRANCH>
  </Table>
  <Table>
    <CODE>170208</CODE>
    <VALUE>郑州-巩义市</VALUE>
    <BRANCH>ZZ</BRANCH>
  </Table>
  <Table>
    <CODE>170209</CODE>
    <VALUE>郑州-荥阳市</VALUE>
    <BRANCH>ZZ</BRANCH>
  </Table>
  <Table>
    <CODE>170210</CODE>
    <VALUE>郑州-新密市</VALUE>
    <BRANCH>ZZ</BRANCH>
  </Table>
  <Table>
    <CODE>170211</CODE>
    <VALUE>郑州-新郑市</VALUE>
    <BRANCH>ZZ</BRANCH>
  </Table>
  <Table>
    <CODE>170212</CODE>
    <VALUE>郑州-登封市</VALUE>
    <BRANCH>ZZ</BRANCH>
  </Table>
  <Table>
    <CODE>170213</CODE>
    <VALUE>郑州-郑东新区</VALUE>
    <BRANCH>ZZ</BRANCH>
  </Table>
  <Table>
    <CODE>170214</CODE>
    <VALUE>郑州-高新区</VALUE>
    <BRANCH>ZZ</BRANCH>
  </Table>
  <Table>
    <CODE>170215</CODE>
    <VALUE>郑州-经开区</VALUE>
    <BRANCH>ZZ</BRANCH>
  </Table>
  <Table>
    <CODE>170300</CODE>
    <VALUE>洛阳</VALUE>
    <BRANCH>EC</BRANCH>
  </Table>
  <Table>
    <CODE>170400</CODE>
    <VALUE>开封</VALUE>
    <BRANCH>EC</BRANCH>
  </Table>
  <Table>
    <CODE>170500</CODE>
    <VALUE>焦作</VALUE>
    <BRANCH>EC</BRANCH>
  </Table>
  <Table>
    <CODE>170600</CODE>
    <VALUE>南阳</VALUE>
    <BRANCH>EC</BRANCH>
  </Table>
  <Table>
    <CODE>170700</CODE>
    <VALUE>新乡</VALUE>
    <BRANCH>EC</BRANCH>
  </Table>
  <Table>
    <CODE>170800</CODE>
    <VALUE>周口</VALUE>
    <BRANCH>EC</BRANCH>
  </Table>
  <Table>
    <CODE>170900</CODE>
    <VALUE>安阳</VALUE>
    <BRANCH>EC</BRANCH>
  </Table>
  <Table>
    <CODE>171000</CODE>
    <VALUE>平顶山</VALUE>
    <BRANCH>EC</BRANCH>
  </Table>
  <Table>
    <CODE>171100</CODE>
    <VALUE>许昌</VALUE>
    <BRANCH>EC</BRANCH>
  </Table>
  <Table>
    <CODE>171200</CODE>
    <VALUE>信阳</VALUE>
    <BRANCH>EC</BRANCH>
  </Table>
  <Table>
    <CODE>171300</CODE>
    <VALUE>商丘</VALUE>
    <BRANCH>EC</BRANCH>
  </Table>
  <Table>
    <CODE>171400</CODE>
    <VALUE>驻马店</VALUE>
    <BRANCH>EC</BRANCH>
  </Table>
  <Table>
    <CODE>171500</CODE>
    <VALUE>漯河</VALUE>
    <BRANCH>EC</BRANCH>
  </Table>
  <Table>
    <CODE>171600</CODE>
    <VALUE>濮阳</VALUE>
    <BRANCH>EC</BRANCH>
  </Table>
  <Table>
    <CODE>171700</CODE>
    <VALUE>鹤壁</VALUE>
    <BRANCH>EC</BRANCH>
  </Table>
  <Table>
    <CODE>171800</CODE>
    <VALUE>三门峡</VALUE>
    <BRANCH>EC</BRANCH>
  </Table>
  <Table>
    <CODE>171900</CODE>
    <VALUE>济源</VALUE>
    <BRANCH>EC</BRANCH>
  </Table>
  <Table>
    <CODE>172000</CODE>
    <VALUE>邓州</VALUE>
    <BRANCH>EC</BRANCH>
  </Table>
  <Table>
    <CODE>180000</CODE>
    <VALUE>湖北省</VALUE>
    <BRANCH>EC</BRANCH>
  </Table>
  <Table>
    <CODE>180200</CODE>
    <VALUE>武汉</VALUE>
    <BRANCH>WH</BRANCH>
  </Table>
  <Table>
    <CODE>180201</CODE>
    <VALUE>武汉-江岸区</VALUE>
    <BRANCH>WH</BRANCH>
  </Table>
  <Table>
    <CODE>180202</CODE>
    <VALUE>武汉-江汉区</VALUE>
    <BRANCH>WH</BRANCH>
  </Table>
  <Table>
    <CODE>180203</CODE>
    <VALUE>武汉-硚口区</VALUE>
    <BRANCH>WH</BRANCH>
  </Table>
  <Table>
    <CODE>180204</CODE>
    <VALUE>武汉-汉阳区</VALUE>
    <BRANCH>WH</BRANCH>
  </Table>
  <Table>
    <CODE>180205</CODE>
    <VALUE>武汉-武昌区</VALUE>
    <BRANCH>WH</BRANCH>
  </Table>
  <Table>
    <CODE>180206</CODE>
    <VALUE>武汉-青山区</VALUE>
    <BRANCH>WH</BRANCH>
  </Table>
  <Table>
    <CODE>180207</CODE>
    <VALUE>武汉-洪山区</VALUE>
    <BRANCH>WH</BRANCH>
  </Table>
  <Table>
    <CODE>180208</CODE>
    <VALUE>武汉-东西湖区</VALUE>
    <BRANCH>WH</BRANCH>
  </Table>
  <Table>
    <CODE>180209</CODE>
    <VALUE>武汉-汉南区</VALUE>
    <BRANCH>WH</BRANCH>
  </Table>
  <Table>
    <CODE>180210</CODE>
    <VALUE>武汉-蔡甸区</VALUE>
    <BRANCH>WH</BRANCH>
  </Table>
  <Table>
    <CODE>180211</CODE>
    <VALUE>武汉-江夏区</VALUE>
    <BRANCH>WH</BRANCH>
  </Table>
  <Table>
    <CODE>180212</CODE>
    <VALUE>武汉-黄陂区</VALUE>
    <BRANCH>WH</BRANCH>
  </Table>
  <Table>
    <CODE>180213</CODE>
    <VALUE>武汉-新洲区</VALUE>
    <BRANCH>WH</BRANCH>
  </Table>
  <Table>
    <CODE>180300</CODE>
    <VALUE>宜昌</VALUE>
    <BRANCH>EC</BRANCH>
  </Table>
  <Table>
    <CODE>180400</CODE>
    <VALUE>黄石</VALUE>
    <BRANCH>EC</BRANCH>
  </Table>
  <Table>
    <CODE>180500</CODE>
    <VALUE>襄阳</VALUE>
    <BRANCH>EC</BRANCH>
  </Table>
  <Table>
    <CODE>180600</CODE>
    <VALUE>十堰</VALUE>
    <BRANCH>EC</BRANCH>
  </Table>
  <Table>
    <CODE>180700</CODE>
    <VALUE>荆州</VALUE>
    <BRANCH>EC</BRANCH>
  </Table>
  <Table>
    <CODE>180800</CODE>
    <VALUE>荆门</VALUE>
    <BRANCH>EC</BRANCH>
  </Table>
  <Table>
    <CODE>180900</CODE>
    <VALUE>孝感</VALUE>
    <BRANCH>EC</BRANCH>
  </Table>
  <Table>
    <CODE>181000</CODE>
    <VALUE>鄂州</VALUE>
    <BRANCH>EC</BRANCH>
  </Table>
  <Table>
    <CODE>181100</CODE>
    <VALUE>黄冈</VALUE>
    <BRANCH>EC</BRANCH>
  </Table>
  <Table>
    <CODE>181200</CODE>
    <VALUE>随州</VALUE>
    <BRANCH>EC</BRANCH>
  </Table>
  <Table>
    <CODE>181300</CODE>
    <VALUE>咸宁</VALUE>
    <BRANCH>EC</BRANCH>
  </Table>
  <Table>
    <CODE>181400</CODE>
    <VALUE>仙桃</VALUE>
    <BRANCH>EC</BRANCH>
  </Table>
  <Table>
    <CODE>181500</CODE>
    <VALUE>潜江</VALUE>
    <BRANCH>EC</BRANCH>
  </Table>
  <Table>
    <CODE>181600</CODE>
    <VALUE>天门</VALUE>
    <BRANCH>EC</BRANCH>
  </Table>
  <Table>
    <CODE>181700</CODE>
    <VALUE>神农架</VALUE>
    <BRANCH>EC</BRANCH>
  </Table>
  <Table>
    <CODE>181800</CODE>
    <VALUE>恩施</VALUE>
    <BRANCH>EC</BRANCH>
  </Table>
  <Table>
    <CODE>190000</CODE>
    <VALUE>湖南省</VALUE>
    <BRANCH>EC</BRANCH>
  </Table>
  <Table>
    <CODE>190200</CODE>
    <VALUE>长沙</VALUE>
    <BRANCH>CS</BRANCH>
  </Table>
  <Table>
    <CODE>190201</CODE>
    <VALUE>长沙-芙蓉区</VALUE>
    <BRANCH>CS</BRANCH>
  </Table>
  <Table>
    <CODE>190202</CODE>
    <VALUE>长沙-天心区</VALUE>
    <BRANCH>CS</BRANCH>
  </Table>
  <Table>
    <CODE>190203</CODE>
    <VALUE>长沙-岳麓区</VALUE>
    <BRANCH>CS</BRANCH>
  </Table>
  <Table>
    <CODE>190204</CODE>
    <VALUE>长沙-开福区</VALUE>
    <BRANCH>CS</BRANCH>
  </Table>
  <Table>
    <CODE>190205</CODE>
    <VALUE>长沙-雨花区</VALUE>
    <BRANCH>CS</BRANCH>
  </Table>
  <Table>
    <CODE>190206</CODE>
    <VALUE>长沙-望城区</VALUE>
    <BRANCH>CS</BRANCH>
  </Table>
  <Table>
    <CODE>190207</CODE>
    <VALUE>长沙-长沙县</VALUE>
    <BRANCH>CS</BRANCH>
  </Table>
  <Table>
    <CODE>190208</CODE>
    <VALUE>长沙-宁乡县</VALUE>
    <BRANCH>CS</BRANCH>
  </Table>
  <Table>
    <CODE>190209</CODE>
    <VALUE>长沙-浏阳市</VALUE>
    <BRANCH>CS</BRANCH>
  </Table>
  <Table>
    <CODE>190300</CODE>
    <VALUE>株洲</VALUE>
    <BRANCH>EC</BRANCH>
  </Table>
  <Table>
    <CODE>190400</CODE>
    <VALUE>湘潭</VALUE>
    <BRANCH>EC</BRANCH>
  </Table>
  <Table>
    <CODE>190500</CODE>
    <VALUE>衡阳</VALUE>
    <BRANCH>EC</BRANCH>
  </Table>
  <Table>
    <CODE>190600</CODE>
    <VALUE>岳阳</VALUE>
    <BRANCH>EC</BRANCH>
  </Table>
  <Table>
    <CODE>190700</CODE>
    <VALUE>常德</VALUE>
    <BRANCH>EC</BRANCH>
  </Table>
  <Table>
    <CODE>190800</CODE>
    <VALUE>益阳</VALUE>
    <BRANCH>EC</BRANCH>
  </Table>
  <Table>
    <CODE>190900</CODE>
    <VALUE>郴州</VALUE>
    <BRANCH>EC</BRANCH>
  </Table>
  <Table>
    <CODE>191000</CODE>
    <VALUE>邵阳</VALUE>
    <BRANCH>EC</BRANCH>
  </Table>
  <Table>
    <CODE>191100</CODE>
    <VALUE>怀化</VALUE>
    <BRANCH>EC</BRANCH>
  </Table>
  <Table>
    <CODE>191200</CODE>
    <VALUE>娄底</VALUE>
    <BRANCH>EC</BRANCH>
  </Table>
  <Table>
    <CODE>191300</CODE>
    <VALUE>永州</VALUE>
    <BRANCH>EC</BRANCH>
  </Table>
  <Table>
    <CODE>191400</CODE>
    <VALUE>张家界</VALUE>
    <BRANCH>EC</BRANCH>
  </Table>
  <Table>
    <CODE>191500</CODE>
    <VALUE>湘西</VALUE>
    <BRANCH>EC</BRANCH>
  </Table>
  <Table>
    <CODE>200000</CODE>
    <VALUE>陕西省</VALUE>
    <BRANCH>EC</BRANCH>
  </Table>
  <Table>
    <CODE>200200</CODE>
    <VALUE>西安</VALUE>
    <BRANCH>XA</BRANCH>
  </Table>
  <Table>
    <CODE>200201</CODE>
    <VALUE>西安-莲湖区</VALUE>
    <BRANCH>XA</BRANCH>
  </Table>
  <Table>
    <CODE>200202</CODE>
    <VALUE>西安-新城区</VALUE>
    <BRANCH>XA</BRANCH>
  </Table>
  <Table>
    <CODE>200203</CODE>
    <VALUE>西安-碑林区</VALUE>
    <BRANCH>XA</BRANCH>
  </Table>
  <Table>
    <CODE>200204</CODE>
    <VALUE>西安-灞桥区</VALUE>
    <BRANCH>XA</BRANCH>
  </Table>
  <Table>
    <CODE>200205</CODE>
    <VALUE>西安-未央区</VALUE>
    <BRANCH>XA</BRANCH>
  </Table>
  <Table>
    <CODE>200206</CODE>
    <VALUE>西安-雁塔区</VALUE>
    <BRANCH>XA</BRANCH>
  </Table>
  <Table>
    <CODE>200207</CODE>
    <VALUE>西安-阎良区</VALUE>
    <BRANCH>XA</BRANCH>
  </Table>
  <Table>
    <CODE>200208</CODE>
    <VALUE>西安-临潼区</VALUE>
    <BRANCH>XA</BRANCH>
  </Table>
  <Table>
    <CODE>200209</CODE>
    <VALUE>西安-长安区</VALUE>
    <BRANCH>XA</BRANCH>
  </Table>
  <Table>
    <CODE>200210</CODE>
    <VALUE>西安-蓝田县</VALUE>
    <BRANCH>XA</BRANCH>
  </Table>
  <Table>
    <CODE>200211</CODE>
    <VALUE>西安-周至县</VALUE>
    <BRANCH>XA</BRANCH>
  </Table>
  <Table>
    <CODE>200212</CODE>
    <VALUE>西安-户县</VALUE>
    <BRANCH>XA</BRANCH>
  </Table>
  <Table>
    <CODE>200213</CODE>
    <VALUE>西安-高陵县</VALUE>
    <BRANCH>XA</BRANCH>
  </Table>
  <Table>
    <CODE>200214</CODE>
    <VALUE>西安-高新技术产业开发区</VALUE>
    <BRANCH>XA</BRANCH>
  </Table>
  <Table>
    <CODE>200215</CODE>
    <VALUE>西安-经济技术开发区</VALUE>
    <BRANCH>XA</BRANCH>
  </Table>
  <Table>
    <CODE>200216</CODE>
    <VALUE>西安-曲江文化新区</VALUE>
    <BRANCH>XA</BRANCH>
  </Table>
  <Table>
    <CODE>200217</CODE>
    <VALUE>西安-浐灞生态区</VALUE>
    <BRANCH>XA</BRANCH>
  </Table>
  <Table>
    <CODE>200218</CODE>
    <VALUE>西安-国家民用航天产业基地</VALUE>
    <BRANCH>XA</BRANCH>
  </Table>
  <Table>
    <CODE>200219</CODE>
    <VALUE>西安-西咸新区</VALUE>
    <BRANCH>XA</BRANCH>
  </Table>
  <Table>
    <CODE>200300</CODE>
    <VALUE>咸阳</VALUE>
    <BRANCH>XA</BRANCH>
  </Table>
  <Table>
    <CODE>200400</CODE>
    <VALUE>宝鸡</VALUE>
    <BRANCH>EC</BRANCH>
  </Table>
  <Table>
    <CODE>200500</CODE>
    <VALUE>铜川</VALUE>
    <BRANCH>EC</BRANCH>
  </Table>
  <Table>
    <CODE>200600</CODE>
    <VALUE>延安</VALUE>
    <BRANCH>EC</BRANCH>
  </Table>
  <Table>
    <CODE>200700</CODE>
    <VALUE>渭南</VALUE>
    <BRANCH>EC</BRANCH>
  </Table>
  <Table>
    <CODE>200800</CODE>
    <VALUE>榆林</VALUE>
    <BRANCH>EC</BRANCH>
  </Table>
  <Table>
    <CODE>200900</CODE>
    <VALUE>汉中</VALUE>
    <BRANCH>EC</BRANCH>
  </Table>
  <Table>
    <CODE>201000</CODE>
    <VALUE>安康</VALUE>
    <BRANCH>EC</BRANCH>
  </Table>
  <Table>
    <CODE>201100</CODE>
    <VALUE>商洛</VALUE>
    <BRANCH>EC</BRANCH>
  </Table>
  <Table>
    <CODE>201200</CODE>
    <VALUE>杨凌</VALUE>
    <BRANCH>EC</BRANCH>
  </Table>
  <Table>
    <CODE>210000</CODE>
    <VALUE>山西省</VALUE>
    <BRANCH>EC</BRANCH>
  </Table>
  <Table>
    <CODE>210200</CODE>
    <VALUE>太原</VALUE>
    <BRANCH>EC</BRANCH>
  </Table>
  <Table>
    <CODE>210300</CODE>
    <VALUE>运城</VALUE>
    <BRANCH>EC</BRANCH>
  </Table>
  <Table>
    <CODE>210400</CODE>
    <VALUE>大同</VALUE>
    <BRANCH>EC</BRANCH>
  </Table>
  <Table>
    <CODE>210500</CODE>
    <VALUE>临汾</VALUE>
    <BRANCH>EC</BRANCH>
  </Table>
  <Table>
    <CODE>210600</CODE>
    <VALUE>长治</VALUE>
    <BRANCH>EC</BRANCH>
  </Table>
  <Table>
    <CODE>210700</CODE>
    <VALUE>晋城</VALUE>
    <BRANCH>EC</BRANCH>
  </Table>
  <Table>
    <CODE>210800</CODE>
    <VALUE>阳泉</VALUE>
    <BRANCH>EC</BRANCH>
  </Table>
  <Table>
    <CODE>210900</CODE>
    <VALUE>朔州</VALUE>
    <BRANCH>EC</BRANCH>
  </Table>
  <Table>
    <CODE>211000</CODE>
    <VALUE>晋中</VALUE>
    <BRANCH>EC</BRANCH>
  </Table>
  <Table>
    <CODE>211100</CODE>
    <VALUE>忻州</VALUE>
    <BRANCH>EC</BRANCH>
  </Table>
  <Table>
    <CODE>211200</CODE>
    <VALUE>吕梁</VALUE>
    <BRANCH>EC</BRANCH>
  </Table>
  <Table>
    <CODE>220000</CODE>
    <VALUE>黑龙江省</VALUE>
    <BRANCH>EC</BRANCH>
  </Table>
  <Table>
    <CODE>220200</CODE>
    <VALUE>哈尔滨</VALUE>
    <BRANCH>HB</BRANCH>
  </Table>
  <Table>
    <CODE>220201</CODE>
    <VALUE>哈尔滨-道里区</VALUE>
    <BRANCH>HB</BRANCH>
  </Table>
  <Table>
    <CODE>220202</CODE>
    <VALUE>哈尔滨-南岗区</VALUE>
    <BRANCH>HB</BRANCH>
  </Table>
  <Table>
    <CODE>220203</CODE>
    <VALUE>哈尔滨-道外区</VALUE>
    <BRANCH>HB</BRANCH>
  </Table>
  <Table>
    <CODE>220204</CODE>
    <VALUE>哈尔滨-平房区</VALUE>
    <BRANCH>HB</BRANCH>
  </Table>
  <Table>
    <CODE>220205</CODE>
    <VALUE>哈尔滨-松北区</VALUE>
    <BRANCH>HB</BRANCH>
  </Table>
  <Table>
    <CODE>220206</CODE>
    <VALUE>哈尔滨-香坊区</VALUE>
    <BRANCH>HB</BRANCH>
  </Table>
  <Table>
    <CODE>220207</CODE>
    <VALUE>哈尔滨-呼兰区</VALUE>
    <BRANCH>HB</BRANCH>
  </Table>
  <Table>
    <CODE>220208</CODE>
    <VALUE>哈尔滨-阿城区</VALUE>
    <BRANCH>HB</BRANCH>
  </Table>
  <Table>
    <CODE>220209</CODE>
    <VALUE>哈尔滨-依兰县</VALUE>
    <BRANCH>HB</BRANCH>
  </Table>
  <Table>
    <CODE>220210</CODE>
    <VALUE>哈尔滨-方正县</VALUE>
    <BRANCH>HB</BRANCH>
  </Table>
  <Table>
    <CODE>220211</CODE>
    <VALUE>哈尔滨-宾县</VALUE>
    <BRANCH>HB</BRANCH>
  </Table>
  <Table>
    <CODE>220212</CODE>
    <VALUE>哈尔滨-巴彦县</VALUE>
    <BRANCH>HB</BRANCH>
  </Table>
  <Table>
    <CODE>220213</CODE>
    <VALUE>哈尔滨-木兰县</VALUE>
    <BRANCH>HB</BRANCH>
  </Table>
  <Table>
    <CODE>220214</CODE>
    <VALUE>哈尔滨-通河县</VALUE>
    <BRANCH>HB</BRANCH>
  </Table>
  <Table>
    <CODE>220215</CODE>
    <VALUE>哈尔滨-延寿县</VALUE>
    <BRANCH>HB</BRANCH>
  </Table>
  <Table>
    <CODE>220216</CODE>
    <VALUE>哈尔滨-双城市</VALUE>
    <BRANCH>HB</BRANCH>
  </Table>
  <Table>
    <CODE>220217</CODE>
    <VALUE>哈尔滨-尚志市</VALUE>
    <BRANCH>HB</BRANCH>
  </Table>
  <Table>
    <CODE>220218</CODE>
    <VALUE>哈尔滨-五常市</VALUE>
    <BRANCH>HB</BRANCH>
  </Table>
  <Table>
    <CODE>220300</CODE>
    <VALUE>伊春</VALUE>
    <BRANCH>EC</BRANCH>
  </Table>
  <Table>
    <CODE>220400</CODE>
    <VALUE>绥化</VALUE>
    <BRANCH>EC</BRANCH>
  </Table>
  <Table>
    <CODE>220500</CODE>
    <VALUE>大庆</VALUE>
    <BRANCH>EC</BRANCH>
  </Table>
  <Table>
    <CODE>220600</CODE>
    <VALUE>齐齐哈尔</VALUE>
    <BRANCH>EC</BRANCH>
  </Table>
  <Table>
    <CODE>220700</CODE>
    <VALUE>牡丹江</VALUE>
    <BRANCH>EC</BRANCH>
  </Table>
  <Table>
    <CODE>220800</CODE>
    <VALUE>佳木斯</VALUE>
    <BRANCH>EC</BRANCH>
  </Table>
  <Table>
    <CODE>220900</CODE>
    <VALUE>鸡西</VALUE>
    <BRANCH>EC</BRANCH>
  </Table>
  <Table>
    <CODE>221000</CODE>
    <VALUE>鹤岗</VALUE>
    <BRANCH>EC</BRANCH>
  </Table>
  <Table>
    <CODE>221100</CODE>
    <VALUE>双鸭山</VALUE>
    <BRANCH>EC</BRANCH>
  </Table>
  <Table>
    <CODE>221200</CODE>
    <VALUE>黑河</VALUE>
    <BRANCH>EC</BRANCH>
  </Table>
  <Table>
    <CODE>221300</CODE>
    <VALUE>七台河</VALUE>
    <BRANCH>EC</BRANCH>
  </Table>
  <Table>
    <CODE>221400</CODE>
    <VALUE>大兴安岭</VALUE>
    <BRANCH>EC</BRANCH>
  </Table>
  <Table>
    <CODE>230000</CODE>
    <VALUE>辽宁省</VALUE>
    <BRANCH>EC</BRANCH>
  </Table>
  <Table>
    <CODE>230200</CODE>
    <VALUE>沈阳</VALUE>
    <BRANCH>SY</BRANCH>
  </Table>
  <Table>
    <CODE>230201</CODE>
    <VALUE>沈阳-大东区</VALUE>
    <BRANCH>SY</BRANCH>
  </Table>
  <Table>
    <CODE>230202</CODE>
    <VALUE>沈阳-东陵区（浑南新区）</VALUE>
    <BRANCH>SY</BRANCH>
  </Table>
  <Table>
    <CODE>230203</CODE>
    <VALUE>沈阳-康平县</VALUE>
    <BRANCH>SY</BRANCH>
  </Table>
  <Table>
    <CODE>230204</CODE>
    <VALUE>沈阳-和平区</VALUE>
    <BRANCH>SY</BRANCH>
  </Table>
  <Table>
    <CODE>230205</CODE>
    <VALUE>沈阳-皇姑区</VALUE>
    <BRANCH>SY</BRANCH>
  </Table>
  <Table>
    <CODE>230206</CODE>
    <VALUE>沈阳-沈北新区</VALUE>
    <BRANCH>SY</BRANCH>
  </Table>
  <Table>
    <CODE>230207</CODE>
    <VALUE>沈阳-沈河区</VALUE>
    <BRANCH>SY</BRANCH>
  </Table>
  <Table>
    <CODE>230208</CODE>
    <VALUE>沈阳-苏家屯区</VALUE>
    <BRANCH>SY</BRANCH>
  </Table>
  <Table>
    <CODE>230209</CODE>
    <VALUE>沈阳-铁西区</VALUE>
    <BRANCH>SY</BRANCH>
  </Table>
  <Table>
    <CODE>230210</CODE>
    <VALUE>沈阳-于洪区</VALUE>
    <BRANCH>SY</BRANCH>
  </Table>
  <Table>
    <CODE>230211</CODE>
    <VALUE>沈阳-法库县</VALUE>
    <BRANCH>SY</BRANCH>
  </Table>
  <Table>
    <CODE>230212</CODE>
    <VALUE>沈阳-辽中县</VALUE>
    <BRANCH>SY</BRANCH>
  </Table>
  <Table>
    <CODE>230213</CODE>
    <VALUE>沈阳-新民市</VALUE>
    <BRANCH>SY</BRANCH>
  </Table>
  <Table>
    <CODE>230300</CODE>
    <VALUE>大连</VALUE>
    <BRANCH>DL</BRANCH>
  </Table>
  <Table>
    <CODE>230301</CODE>
    <VALUE>大连-西岗区</VALUE>
    <BRANCH>DL</BRANCH>
  </Table>
  <Table>
    <CODE>230302</CODE>
    <VALUE>大连-中山区</VALUE>
    <BRANCH>DL</BRANCH>
  </Table>
  <Table>
    <CODE>230303</CODE>
    <VALUE>大连-沙河口区</VALUE>
    <BRANCH>DL</BRANCH>
  </Table>
  <Table>
    <CODE>230304</CODE>
    <VALUE>大连-甘井子区</VALUE>
    <BRANCH>DL</BRANCH>
  </Table>
  <Table>
    <CODE>230305</CODE>
    <VALUE>大连-旅顺口区</VALUE>
    <BRANCH>DL</BRANCH>
  </Table>
  <Table>
    <CODE>230306</CODE>
    <VALUE>大连-金州区</VALUE>
    <BRANCH>DL</BRANCH>
  </Table>
  <Table>
    <CODE>230307</CODE>
    <VALUE>大连-瓦房店市</VALUE>
    <BRANCH>DL</BRANCH>
  </Table>
  <Table>
    <CODE>230308</CODE>
    <VALUE>大连-普兰店市</VALUE>
    <BRANCH>DL</BRANCH>
  </Table>
  <Table>
    <CODE>230309</CODE>
    <VALUE>大连-庄河市</VALUE>
    <BRANCH>DL</BRANCH>
  </Table>
  <Table>
    <CODE>230310</CODE>
    <VALUE>大连-长海县</VALUE>
    <BRANCH>DL</BRANCH>
  </Table>
  <Table>
    <CODE>230311</CODE>
    <VALUE>大连-开发区</VALUE>
    <BRANCH>DL</BRANCH>
  </Table>
  <Table>
    <CODE>230312</CODE>
    <VALUE>大连-高新园区</VALUE>
    <BRANCH>DL</BRANCH>
  </Table>
  <Table>
    <CODE>230313</CODE>
    <VALUE>大连-长兴岛</VALUE>
    <BRANCH>DL</BRANCH>
  </Table>
  <Table>
    <CODE>230314</CODE>
    <VALUE>大连-大连保税区</VALUE>
    <BRANCH>DL</BRANCH>
  </Table>
  <Table>
    <CODE>230400</CODE>
    <VALUE>鞍山</VALUE>
    <BRANCH>EC</BRANCH>
  </Table>
  <Table>
    <CODE>230500</CODE>
    <VALUE>营口</VALUE>
    <BRANCH>EC</BRANCH>
  </Table>
  <Table>
    <CODE>230600</CODE>
    <VALUE>抚顺</VALUE>
    <BRANCH>SY</BRANCH>
  </Table>
  <Table>
    <CODE>230700</CODE>
    <VALUE>锦州</VALUE>
    <BRANCH>EC</BRANCH>
  </Table>
  <Table>
    <CODE>230800</CODE>
    <VALUE>丹东</VALUE>
    <BRANCH>EC</BRANCH>
  </Table>
  <Table>
    <CODE>230900</CODE>
    <VALUE>葫芦岛</VALUE>
    <BRANCH>EC</BRANCH>
  </Table>
  <Table>
    <CODE>231000</CODE>
    <VALUE>本溪</VALUE>
    <BRANCH>EC</BRANCH>
  </Table>
  <Table>
    <CODE>231100</CODE>
    <VALUE>辽阳</VALUE>
    <BRANCH>EC</BRANCH>
  </Table>
  <Table>
    <CODE>231200</CODE>
    <VALUE>铁岭</VALUE>
    <BRANCH>SY</BRANCH>
  </Table>
  <Table>
    <CODE>231300</CODE>
    <VALUE>盘锦</VALUE>
    <BRANCH>EC</BRANCH>
  </Table>
  <Table>
    <CODE>231400</CODE>
    <VALUE>朝阳</VALUE>
    <BRANCH>EC</BRANCH>
  </Table>
  <Table>
    <CODE>231500</CODE>
    <VALUE>阜新</VALUE>
    <BRANCH>EC</BRANCH>
  </Table>
  <Table>
    <CODE>240000</CODE>
    <VALUE>吉林省</VALUE>
    <BRANCH>EC</BRANCH>
  </Table>
  <Table>
    <CODE>240200</CODE>
    <VALUE>长春</VALUE>
    <BRANCH>CC</BRANCH>
  </Table>
  <Table>
    <CODE>240201</CODE>
    <VALUE>长春-朝阳区</VALUE>
    <BRANCH>CC</BRANCH>
  </Table>
  <Table>
    <CODE>240202</CODE>
    <VALUE>长春-南关区</VALUE>
    <BRANCH>CC</BRANCH>
  </Table>
  <Table>
    <CODE>240203</CODE>
    <VALUE>长春-宽城区</VALUE>
    <BRANCH>CC</BRANCH>
  </Table>
  <Table>
    <CODE>240204</CODE>
    <VALUE>长春-二道区</VALUE>
    <BRANCH>CC</BRANCH>
  </Table>
  <Table>
    <CODE>240205</CODE>
    <VALUE>长春-绿园区</VALUE>
    <BRANCH>CC</BRANCH>
  </Table>
  <Table>
    <CODE>240206</CODE>
    <VALUE>长春-双阳区</VALUE>
    <BRANCH>CC</BRANCH>
  </Table>
  <Table>
    <CODE>240207</CODE>
    <VALUE>长春-经济技术开发区</VALUE>
    <BRANCH>CC</BRANCH>
  </Table>
  <Table>
    <CODE>240208</CODE>
    <VALUE>长春-高新技术产业开发区</VALUE>
    <BRANCH>CC</BRANCH>
  </Table>
  <Table>
    <CODE>240209</CODE>
    <VALUE>长春-净月经济开发区</VALUE>
    <BRANCH>CC</BRANCH>
  </Table>
  <Table>
    <CODE>240210</CODE>
    <VALUE>长春-汽车产业开发区</VALUE>
    <BRANCH>CC</BRANCH>
  </Table>
  <Table>
    <CODE>240211</CODE>
    <VALUE>长春-榆树市</VALUE>
    <BRANCH>CC</BRANCH>
  </Table>
  <Table>
    <CODE>240212</CODE>
    <VALUE>长春-九台市</VALUE>
    <BRANCH>CC</BRANCH>
  </Table>
  <Table>
    <CODE>240213</CODE>
    <VALUE>长春-德惠市</VALUE>
    <BRANCH>CC</BRANCH>
  </Table>
  <Table>
    <CODE>240214</CODE>
    <VALUE>长春-农安县</VALUE>
    <BRANCH>CC</BRANCH>
  </Table>
  <Table>
    <CODE>240300</CODE>
    <VALUE>吉林</VALUE>
    <BRANCH>EC</BRANCH>
  </Table>
  <Table>
    <CODE>240400</CODE>
    <VALUE>辽源</VALUE>
    <BRANCH>EC</BRANCH>
  </Table>
  <Table>
    <CODE>240500</CODE>
    <VALUE>通化</VALUE>
    <BRANCH>EC</BRANCH>
  </Table>
  <Table>
    <CODE>240600</CODE>
    <VALUE>四平</VALUE>
    <BRANCH>EC</BRANCH>
  </Table>
  <Table>
    <CODE>240700</CODE>
    <VALUE>松原</VALUE>
    <BRANCH>EC</BRANCH>
  </Table>
  <Table>
    <CODE>240800</CODE>
    <VALUE>延吉</VALUE>
    <BRANCH>EC</BRANCH>
  </Table>
  <Table>
    <CODE>240900</CODE>
    <VALUE>白山</VALUE>
    <BRANCH>EC</BRANCH>
  </Table>
  <Table>
    <CODE>241000</CODE>
    <VALUE>白城</VALUE>
    <BRANCH>EC</BRANCH>
  </Table>
  <Table>
    <CODE>241100</CODE>
    <VALUE>延边</VALUE>
    <BRANCH>EC</BRANCH>
  </Table>
  <Table>
    <CODE>250000</CODE>
    <VALUE>云南省</VALUE>
    <BRANCH>EC</BRANCH>
  </Table>
  <Table>
    <CODE>250200</CODE>
    <VALUE>昆明</VALUE>
    <BRANCH>KM</BRANCH>
  </Table>
  <Table>
    <CODE>250201</CODE>
    <VALUE>昆明-五华区</VALUE>
    <BRANCH>KM</BRANCH>
  </Table>
  <Table>
    <CODE>250202</CODE>
    <VALUE>昆明-盘龙区</VALUE>
    <BRANCH>KM</BRANCH>
  </Table>
  <Table>
    <CODE>250203</CODE>
    <VALUE>昆明-官渡区</VALUE>
    <BRANCH>KM</BRANCH>
  </Table>
  <Table>
    <CODE>250204</CODE>
    <VALUE>昆明-西山区</VALUE>
    <BRANCH>KM</BRANCH>
  </Table>
  <Table>
    <CODE>250205</CODE>
    <VALUE>昆明-东川区</VALUE>
    <BRANCH>KM</BRANCH>
  </Table>
  <Table>
    <CODE>250206</CODE>
    <VALUE>昆明-呈贡区</VALUE>
    <BRANCH>KM</BRANCH>
  </Table>
  <Table>
    <CODE>250207</CODE>
    <VALUE>昆明-晋宁县</VALUE>
    <BRANCH>KM</BRANCH>
  </Table>
  <Table>
    <CODE>250208</CODE>
    <VALUE>昆明-富民县</VALUE>
    <BRANCH>KM</BRANCH>
  </Table>
  <Table>
    <CODE>250209</CODE>
    <VALUE>昆明-宜良县</VALUE>
    <BRANCH>KM</BRANCH>
  </Table>
  <Table>
    <CODE>250210</CODE>
    <VALUE>昆明-石林彝族自治县</VALUE>
    <BRANCH>KM</BRANCH>
  </Table>
  <Table>
    <CODE>250211</CODE>
    <VALUE>昆明-嵩明县</VALUE>
    <BRANCH>KM</BRANCH>
  </Table>
  <Table>
    <CODE>250212</CODE>
    <VALUE>昆明-禄劝县</VALUE>
    <BRANCH>KM</BRANCH>
  </Table>
  <Table>
    <CODE>250213</CODE>
    <VALUE>昆明-寻甸县</VALUE>
    <BRANCH>KM</BRANCH>
  </Table>
  <Table>
    <CODE>250214</CODE>
    <VALUE>昆明-安宁市</VALUE>
    <BRANCH>KM</BRANCH>
  </Table>
  <Table>
    <CODE>250300</CODE>
    <VALUE>曲靖</VALUE>
    <BRANCH>EC</BRANCH>
  </Table>
  <Table>
    <CODE>250400</CODE>
    <VALUE>玉溪</VALUE>
    <BRANCH>EC</BRANCH>
  </Table>
  <Table>
    <CODE>250500</CODE>
    <VALUE>大理</VALUE>
    <BRANCH>EC</BRANCH>
  </Table>
  <Table>
    <CODE>250600</CODE>
    <VALUE>丽江</VALUE>
    <BRANCH>EC</BRANCH>
  </Table>
  <Table>
    <CODE>251000</CODE>
    <VALUE>红河州</VALUE>
    <BRANCH>EC</BRANCH>
  </Table>
  <Table>
    <CODE>251100</CODE>
    <VALUE>普洱</VALUE>
    <BRANCH>EC</BRANCH>
  </Table>
  <Table>
    <CODE>251200</CODE>
    <VALUE>保山</VALUE>
    <BRANCH>EC</BRANCH>
  </Table>
  <Table>
    <CODE>251300</CODE>
    <VALUE>昭通</VALUE>
    <BRANCH>EC</BRANCH>
  </Table>
  <Table>
    <CODE>251400</CODE>
    <VALUE>文山</VALUE>
    <BRANCH>EC</BRANCH>
  </Table>
  <Table>
    <CODE>251500</CODE>
    <VALUE>西双版纳</VALUE>
    <BRANCH>EC</BRANCH>
  </Table>
  <Table>
    <CODE>251600</CODE>
    <VALUE>德宏</VALUE>
    <BRANCH>EC</BRANCH>
  </Table>
  <Table>
    <CODE>251700</CODE>
    <VALUE>楚雄</VALUE>
    <BRANCH>EC</BRANCH>
  </Table>
  <Table>
    <CODE>251800</CODE>
    <VALUE>临沧</VALUE>
    <BRANCH>EC</BRANCH>
  </Table>
  <Table>
    <CODE>251900</CODE>
    <VALUE>怒江</VALUE>
    <BRANCH>EC</BRANCH>
  </Table>
  <Table>
    <CODE>252000</CODE>
    <VALUE>迪庆</VALUE>
    <BRANCH>EC</BRANCH>
  </Table>
  <Table>
    <CODE>260000</CODE>
    <VALUE>贵州省</VALUE>
    <BRANCH>EC</BRANCH>
  </Table>
  <Table>
    <CODE>260200</CODE>
    <VALUE>贵阳</VALUE>
    <BRANCH>EC</BRANCH>
  </Table>
  <Table>
    <CODE>260300</CODE>
    <VALUE>遵义</VALUE>
    <BRANCH>EC</BRANCH>
  </Table>
  <Table>
    <CODE>260400</CODE>
    <VALUE>六盘水</VALUE>
    <BRANCH>EC</BRANCH>
  </Table>
  <Table>
    <CODE>260500</CODE>
    <VALUE>安顺</VALUE>
    <BRANCH>EC</BRANCH>
  </Table>
  <Table>
    <CODE>260600</CODE>
    <VALUE>铜仁</VALUE>
    <BRANCH>EC</BRANCH>
  </Table>
  <Table>
    <CODE>260700</CODE>
    <VALUE>毕节</VALUE>
    <BRANCH>EC</BRANCH>
  </Table>
  <Table>
    <CODE>260800</CODE>
    <VALUE>黔西南</VALUE>
    <BRANCH>EC</BRANCH>
  </Table>
  <Table>
    <CODE>260900</CODE>
    <VALUE>黔东南</VALUE>
    <BRANCH>EC</BRANCH>
  </Table>
  <Table>
    <CODE>261000</CODE>
    <VALUE>黔南</VALUE>
    <BRANCH>EC</BRANCH>
  </Table>
  <Table>
    <CODE>270000</CODE>
    <VALUE>甘肃省</VALUE>
    <BRANCH>EC</BRANCH>
  </Table>
  <Table>
    <CODE>270200</CODE>
    <VALUE>兰州</VALUE>
    <BRANCH>EC</BRANCH>
  </Table>
  <Table>
    <CODE>270300</CODE>
    <VALUE>金昌</VALUE>
    <BRANCH>EC</BRANCH>
  </Table>
  <Table>
    <CODE>270400</CODE>
    <VALUE>嘉峪关</VALUE>
    <BRANCH>EC</BRANCH>
  </Table>
  <Table>
    <CODE>270500</CODE>
    <VALUE>酒泉</VALUE>
    <BRANCH>EC</BRANCH>
  </Table>
  <Table>
    <CODE>270600</CODE>
    <VALUE>天水</VALUE>
    <BRANCH>EC</BRANCH>
  </Table>
  <Table>
    <CODE>270700</CODE>
    <VALUE>武威</VALUE>
    <BRANCH>EC</BRANCH>
  </Table>
  <Table>
    <CODE>270800</CODE>
    <VALUE>白银</VALUE>
    <BRANCH>EC</BRANCH>
  </Table>
  <Table>
    <CODE>270900</CODE>
    <VALUE>张掖</VALUE>
    <BRANCH>EC</BRANCH>
  </Table>
  <Table>
    <CODE>271000</CODE>
    <VALUE>平凉</VALUE>
    <BRANCH>EC</BRANCH>
  </Table>
  <Table>
    <CODE>271100</CODE>
    <VALUE>定西</VALUE>
    <BRANCH>EC</BRANCH>
  </Table>
  <Table>
    <CODE>271200</CODE>
    <VALUE>陇南</VALUE>
    <BRANCH>EC</BRANCH>
  </Table>
  <Table>
    <CODE>271300</CODE>
    <VALUE>庆阳</VALUE>
    <BRANCH>EC</BRANCH>
  </Table>
  <Table>
    <CODE>271400</CODE>
    <VALUE>临夏</VALUE>
    <BRANCH>EC</BRANCH>
  </Table>
  <Table>
    <CODE>271500</CODE>
    <VALUE>甘南</VALUE>
    <BRANCH>EC</BRANCH>
  </Table>
  <Table>
    <CODE>280000</CODE>
    <VALUE>内蒙古</VALUE>
    <BRANCH>EC</BRANCH>
  </Table>
  <Table>
    <CODE>280200</CODE>
    <VALUE>呼和浩特</VALUE>
    <BRANCH>EC</BRANCH>
  </Table>
  <Table>
    <CODE>280300</CODE>
    <VALUE>赤峰</VALUE>
    <BRANCH>EC</BRANCH>
  </Table>
  <Table>
    <CODE>280400</CODE>
    <VALUE>包头</VALUE>
    <BRANCH>EC</BRANCH>
  </Table>
  <Table>
    <CODE>280700</CODE>
    <VALUE>通辽</VALUE>
    <BRANCH>EC</BRANCH>
  </Table>
  <Table>
    <CODE>280800</CODE>
    <VALUE>鄂尔多斯</VALUE>
    <BRANCH>EC</BRANCH>
  </Table>
  <Table>
    <CODE>280900</CODE>
    <VALUE>巴彦淖尔</VALUE>
    <BRANCH>EC</BRANCH>
  </Table>
  <Table>
    <CODE>281000</CODE>
    <VALUE>乌海</VALUE>
    <BRANCH>EC</BRANCH>
  </Table>
  <Table>
    <CODE>281100</CODE>
    <VALUE>呼伦贝尔</VALUE>
    <BRANCH>EC</BRANCH>
  </Table>
  <Table>
    <CODE>281200</CODE>
    <VALUE>乌兰察布</VALUE>
    <BRANCH>EC</BRANCH>
  </Table>
  <Table>
    <CODE>281300</CODE>
    <VALUE>兴安盟</VALUE>
    <BRANCH>EC</BRANCH>
  </Table>
  <Table>
    <CODE>281400</CODE>
    <VALUE>锡林郭勒盟</VALUE>
    <BRANCH>EC</BRANCH>
  </Table>
  <Table>
    <CODE>281500</CODE>
    <VALUE>阿拉善盟</VALUE>
    <BRANCH>EC</BRANCH>
  </Table>
  <Table>
    <CODE>290000</CODE>
    <VALUE>宁夏</VALUE>
    <BRANCH>EC</BRANCH>
  </Table>
  <Table>
    <CODE>290200</CODE>
    <VALUE>银川</VALUE>
    <BRANCH>EC</BRANCH>
  </Table>
  <Table>
    <CODE>290300</CODE>
    <VALUE>吴忠</VALUE>
    <BRANCH>EC</BRANCH>
  </Table>
  <Table>
    <CODE>290400</CODE>
    <VALUE>中卫</VALUE>
    <BRANCH>EC</BRANCH>
  </Table>
  <Table>
    <CODE>290500</CODE>
    <VALUE>石嘴山</VALUE>
    <BRANCH>EC</BRANCH>
  </Table>
  <Table>
    <CODE>290600</CODE>
    <VALUE>固原</VALUE>
    <BRANCH>EC</BRANCH>
  </Table>
  <Table>
    <CODE>300000</CODE>
    <VALUE>西藏</VALUE>
    <BRANCH>EC</BRANCH>
  </Table>
  <Table>
    <CODE>300200</CODE>
    <VALUE>拉萨</VALUE>
    <BRANCH>EC</BRANCH>
  </Table>
  <Table>
    <CODE>300300</CODE>
    <VALUE>日喀则</VALUE>
    <BRANCH>EC</BRANCH>
  </Table>
  <Table>
    <CODE>300400</CODE>
    <VALUE>林芝</VALUE>
    <BRANCH>EC</BRANCH>
  </Table>
  <Table>
    <CODE>300500</CODE>
    <VALUE>山南</VALUE>
    <BRANCH>EC</BRANCH>
  </Table>
  <Table>
    <CODE>300600</CODE>
    <VALUE>昌都</VALUE>
    <BRANCH>EC</BRANCH>
  </Table>
  <Table>
    <CODE>300700</CODE>
    <VALUE>那曲</VALUE>
    <BRANCH>EC</BRANCH>
  </Table>
  <Table>
    <CODE>300800</CODE>
    <VALUE>阿里</VALUE>
    <BRANCH>EC</BRANCH>
  </Table>
  <Table>
    <CODE>310000</CODE>
    <VALUE>新疆</VALUE>
    <BRANCH>EC</BRANCH>
  </Table>
  <Table>
    <CODE>310200</CODE>
    <VALUE>乌鲁木齐</VALUE>
    <BRANCH>EC</BRANCH>
  </Table>
  <Table>
    <CODE>310300</CODE>
    <VALUE>克拉玛依</VALUE>
    <BRANCH>EC</BRANCH>
  </Table>
  <Table>
    <CODE>310400</CODE>
    <VALUE>喀什地区</VALUE>
    <BRANCH>EC</BRANCH>
  </Table>
  <Table>
    <CODE>310500</CODE>
    <VALUE>伊犁</VALUE>
    <BRANCH>EC</BRANCH>
  </Table>
  <Table>
    <CODE>310600</CODE>
    <VALUE>阿克苏</VALUE>
    <BRANCH>EC</BRANCH>
  </Table>
  <Table>
    <CODE>310700</CODE>
    <VALUE>哈密</VALUE>
    <BRANCH>EC</BRANCH>
  </Table>
  <Table>
    <CODE>310800</CODE>
    <VALUE>石河子</VALUE>
    <BRANCH>EC</BRANCH>
  </Table>
  <Table>
    <CODE>310900</CODE>
    <VALUE>阿拉尔</VALUE>
    <BRANCH>EC</BRANCH>
  </Table>
  <Table>
    <CODE>311000</CODE>
    <VALUE>五家渠</VALUE>
    <BRANCH>EC</BRANCH>
  </Table>
  <Table>
    <CODE>311100</CODE>
    <VALUE>图木舒克</VALUE>
    <BRANCH>EC</BRANCH>
  </Table>
  <Table>
    <CODE>311200</CODE>
    <VALUE>昌吉</VALUE>
    <BRANCH>EC</BRANCH>
  </Table>
  <Table>
    <CODE>311300</CODE>
    <VALUE>阿勒泰</VALUE>
    <BRANCH>EC</BRANCH>
  </Table>
  <Table>
    <CODE>311400</CODE>
    <VALUE>吐鲁番</VALUE>
    <BRANCH>EC</BRANCH>
  </Table>
  <Table>
    <CODE>311500</CODE>
    <VALUE>塔城</VALUE>
    <BRANCH>EC</BRANCH>
  </Table>
  <Table>
    <CODE>311600</CODE>
    <VALUE>和田</VALUE>
    <BRANCH>EC</BRANCH>
  </Table>
  <Table>
    <CODE>311700</CODE>
    <VALUE>克孜勒苏柯尔克孜</VALUE>
    <BRANCH>EC</BRANCH>
  </Table>
  <Table>
    <CODE>311800</CODE>
    <VALUE>巴音郭楞</VALUE>
    <BRANCH>EC</BRANCH>
  </Table>
  <Table>
    <CODE>311900</CODE>
    <VALUE>博尔塔拉</VALUE>
    <BRANCH>EC</BRANCH>
  </Table>
  <Table>
    <CODE>320000</CODE>
    <VALUE>青海省</VALUE>
    <BRANCH>EC</BRANCH>
  </Table>
  <Table>
    <CODE>320200</CODE>
    <VALUE>西宁</VALUE>
    <BRANCH>EC</BRANCH>
  </Table>
  <Table>
    <CODE>320300</CODE>
    <VALUE>海东</VALUE>
    <BRANCH>EC</BRANCH>
  </Table>
  <Table>
    <CODE>320400</CODE>
    <VALUE>海西</VALUE>
    <BRANCH>EC</BRANCH>
  </Table>
  <Table>
    <CODE>320500</CODE>
    <VALUE>海北</VALUE>
    <BRANCH>EC</BRANCH>
  </Table>
  <Table>
    <CODE>320600</CODE>
    <VALUE>黄南</VALUE>
    <BRANCH>EC</BRANCH>
  </Table>
  <Table>
    <CODE>320700</CODE>
    <VALUE>海南</VALUE>
    <BRANCH>EC</BRANCH>
  </Table>
  <Table>
    <CODE>320800</CODE>
    <VALUE>果洛</VALUE>
    <BRANCH>EC</BRANCH>
  </Table>
  <Table>
    <CODE>320900</CODE>
    <VALUE>玉树</VALUE>
    <BRANCH>EC</BRANCH>
  </Table>
  <Table>
    <CODE>330000</CODE>
    <VALUE>香港</VALUE>
    <BRANCH>SH</BRANCH>
  </Table>
  <Table>
    <CODE>340000</CODE>
    <VALUE>澳门</VALUE>
    <BRANCH>SH</BRANCH>
  </Table>
  <Table>
    <CODE>350000</CODE>
    <VALUE>台湾</VALUE>
    <BRANCH>SH</BRANCH>
  </Table>
  <Table>
    <CODE>360000</CODE>
    <VALUE>国外</VALUE>
    <BRANCH>SH</BRANCH>
  </Table>
</NewDataSet>
