<NewDataSet>
  <Table1>
    <CODE>1</CODE>
    <VALUE>近1周</VALUE>
  </Table1>
  <Table1>
    <CODE>2</CODE>
    <VALUE>近2周</VALUE>
  </Table1>
  <Table1>
    <CODE>3</CODE>
    <VALUE>近1个月</VALUE>
  </Table1>
  <Table1>
    <CODE>4</CODE>
    <VALUE>近2个月</VALUE>
  </Table1>
  <Table1>
    <CODE>5</CODE>
    <VALUE>近6个月</VALUE>
  </Table1>
  <Table1>
    <CODE>6</CODE>
    <VALUE>近1年</VALUE>
  </Table1>
  <Table1>
    <CODE>7</CODE>
    <VALUE>1年及以上</VALUE>
  </Table1>
</NewDataSet>
