<NewDataSet>
  <Table1>
    <CODE>0100</CODE>
    <VALUE>电子信息科学类</VALUE>
  </Table1>
  <Table1>
    <CODE>0107</CODE>
    <VALUE>电子信息科学与技术</VALUE>
  </Table1>
  <Table1>
    <CODE>0108</CODE>
    <VALUE>微电子学</VALUE>
  </Table1>
  <Table1>
    <CODE>0109</CODE>
    <VALUE>光信息科学与技术</VALUE>
  </Table1>
  <Table1>
    <CODE>0114</CODE>
    <VALUE>光电子技术科学</VALUE>
  </Table1>
  <Table1>
    <CODE>0115</CODE>
    <VALUE>信息科学技术</VALUE>
  </Table1>
  <Table1>
    <CODE>0116</CODE>
    <VALUE>信息安全</VALUE>
  </Table1>
  <Table1>
    <CODE>0117</CODE>
    <VALUE>科技防卫</VALUE>
  </Table1>
  <Table1>
    <CODE>0200</CODE>
    <VALUE>管理科学与工程类</VALUE>
  </Table1>
  <Table1>
    <CODE>0201</CODE>
    <VALUE>管理科学</VALUE>
  </Table1>
  <Table1>
    <CODE>0202</CODE>
    <VALUE>信息管理和信息系统</VALUE>
  </Table1>
  <Table1>
    <CODE>0203</CODE>
    <VALUE>工业工程</VALUE>
  </Table1>
  <Table1>
    <CODE>0204</CODE>
    <VALUE>工程管理</VALUE>
  </Table1>
  <Table1>
    <CODE>0206</CODE>
    <VALUE>产品质量工程</VALUE>
  </Table1>
  <Table1>
    <CODE>0207</CODE>
    <VALUE>项目管理</VALUE>
  </Table1>
  <Table1>
    <CODE>0300</CODE>
    <VALUE>工商管理类</VALUE>
  </Table1>
  <Table1>
    <CODE>0301</CODE>
    <VALUE>工商管理</VALUE>
  </Table1>
  <Table1>
    <CODE>0302</CODE>
    <VALUE>市场营销</VALUE>
  </Table1>
  <Table1>
    <CODE>0303</CODE>
    <VALUE>会计学</VALUE>
  </Table1>
  <Table1>
    <CODE>0304</CODE>
    <VALUE>财务管理</VALUE>
  </Table1>
  <Table1>
    <CODE>0305</CODE>
    <VALUE>会计信息系统</VALUE>
  </Table1>
  <Table1>
    <CODE>0307</CODE>
    <VALUE>涉外会计</VALUE>
  </Table1>
  <Table1>
    <CODE>0308</CODE>
    <VALUE>国际商务</VALUE>
  </Table1>
  <Table1>
    <CODE>0309</CODE>
    <VALUE>物流管理</VALUE>
  </Table1>
  <Table1>
    <CODE>0310</CODE>
    <VALUE>财政金融</VALUE>
  </Table1>
  <Table1>
    <CODE>0311</CODE>
    <VALUE>企业管理</VALUE>
  </Table1>
  <Table1>
    <CODE>0313</CODE>
    <VALUE>商品学</VALUE>
  </Table1>
  <Table1>
    <CODE>0314</CODE>
    <VALUE>资产评估</VALUE>
  </Table1>
  <Table1>
    <CODE>0315</CODE>
    <VALUE>商务策划管理</VALUE>
  </Table1>
  <Table1>
    <CODE>0316</CODE>
    <VALUE>连锁经营管理</VALUE>
  </Table1>
  <Table1>
    <CODE>0317</CODE>
    <VALUE>审计学</VALUE>
  </Table1>
  <Table1>
    <CODE>0318</CODE>
    <VALUE>电子商务</VALUE>
  </Table1>
  <Table1>
    <CODE>0319</CODE>
    <VALUE>房地产经营管理</VALUE>
  </Table1>
  <Table1>
    <CODE>0320</CODE>
    <VALUE>物业管理</VALUE>
  </Table1>
  <Table1>
    <CODE>0321</CODE>
    <VALUE>旅游管理</VALUE>
  </Table1>
  <Table1>
    <CODE>0322</CODE>
    <VALUE>酒店管理</VALUE>
  </Table1>
  <Table1>
    <CODE>0323</CODE>
    <VALUE>人力资源管理</VALUE>
  </Table1>
  <Table1>
    <CODE>0400</CODE>
    <VALUE>行政管理、公共管理类</VALUE>
  </Table1>
  <Table1>
    <CODE>0401</CODE>
    <VALUE>行政管理</VALUE>
  </Table1>
  <Table1>
    <CODE>0402</CODE>
    <VALUE>公共事业管理</VALUE>
  </Table1>
  <Table1>
    <CODE>0403</CODE>
    <VALUE>劳动与社会保障</VALUE>
  </Table1>
  <Table1>
    <CODE>0404</CODE>
    <VALUE>土地资源管理</VALUE>
  </Table1>
  <Table1>
    <CODE>0408</CODE>
    <VALUE>公共关系学</VALUE>
  </Table1>
  <Table1>
    <CODE>0411</CODE>
    <VALUE>公共政策学</VALUE>
  </Table1>
  <Table1>
    <CODE>0412</CODE>
    <VALUE>国防教育与管理</VALUE>
  </Table1>
  <Table1>
    <CODE>0413</CODE>
    <VALUE>劳动关系</VALUE>
  </Table1>
  <Table1>
    <CODE>0414</CODE>
    <VALUE>城市规划与管理</VALUE>
  </Table1>
  <Table1>
    <CODE>0415</CODE>
    <VALUE>食品经济管理</VALUE>
  </Table1>
  <Table1>
    <CODE>0416</CODE>
    <VALUE>会展经济与管理</VALUE>
  </Table1>
  <Table1>
    <CODE>0417</CODE>
    <VALUE>文化产业管理</VALUE>
  </Table1>
  <Table1>
    <CODE>0418</CODE>
    <VALUE>体育产业管理</VALUE>
  </Table1>
  <Table1>
    <CODE>0419</CODE>
    <VALUE>航运管理</VALUE>
  </Table1>
  <Table1>
    <CODE>0420</CODE>
    <VALUE>文秘</VALUE>
  </Table1>
  <Table1>
    <CODE>0421</CODE>
    <VALUE>农业经济管理</VALUE>
  </Table1>
  <Table1>
    <CODE>0500</CODE>
    <VALUE>机械类</VALUE>
  </Table1>
  <Table1>
    <CODE>0501</CODE>
    <VALUE>机械设计制造及其自动化</VALUE>
  </Table1>
  <Table1>
    <CODE>0502</CODE>
    <VALUE>材料成型及控制工程</VALUE>
  </Table1>
  <Table1>
    <CODE>0503</CODE>
    <VALUE>工业设计</VALUE>
  </Table1>
  <Table1>
    <CODE>0504</CODE>
    <VALUE>过程装备与控制工程</VALUE>
  </Table1>
  <Table1>
    <CODE>0505</CODE>
    <VALUE>机械电子工程/机电一体化</VALUE>
  </Table1>
  <Table1>
    <CODE>0506</CODE>
    <VALUE>模具设计与制造</VALUE>
  </Table1>
  <Table1>
    <CODE>0507</CODE>
    <VALUE>机械制造工艺与设备</VALUE>
  </Table1>
  <Table1>
    <CODE>0508</CODE>
    <VALUE>机械工程及自动化</VALUE>
  </Table1>
  <Table1>
    <CODE>0509</CODE>
    <VALUE>制造工程</VALUE>
  </Table1>
  <Table1>
    <CODE>0510</CODE>
    <VALUE>制造自动化与测控技术</VALUE>
  </Table1>
  <Table1>
    <CODE>0511</CODE>
    <VALUE>微机电系统工程</VALUE>
  </Table1>
  <Table1>
    <CODE>0512</CODE>
    <VALUE>车辆工程</VALUE>
  </Table1>
  <Table1>
    <CODE>0513</CODE>
    <VALUE>汽车服务工程</VALUE>
  </Table1>
  <Table1>
    <CODE>0600</CODE>
    <VALUE>土建类</VALUE>
  </Table1>
  <Table1>
    <CODE>0601</CODE>
    <VALUE>建筑学</VALUE>
  </Table1>
  <Table1>
    <CODE>0602</CODE>
    <VALUE>城市规划</VALUE>
  </Table1>
  <Table1>
    <CODE>0603</CODE>
    <VALUE>土木工程</VALUE>
  </Table1>
  <Table1>
    <CODE>0604</CODE>
    <VALUE>建筑环境与设备工程</VALUE>
  </Table1>
  <Table1>
    <CODE>0605</CODE>
    <VALUE>给排水科学与工程</VALUE>
  </Table1>
  <Table1>
    <CODE>0606</CODE>
    <VALUE>工业与民用建筑</VALUE>
  </Table1>
  <Table1>
    <CODE>0607</CODE>
    <VALUE>室内装潢设计</VALUE>
  </Table1>
  <Table1>
    <CODE>0608</CODE>
    <VALUE>建筑工程</VALUE>
  </Table1>
  <Table1>
    <CODE>0609</CODE>
    <VALUE>工程造价管理</VALUE>
  </Table1>
  <Table1>
    <CODE>0610</CODE>
    <VALUE>景观学</VALUE>
  </Table1>
  <Table1>
    <CODE>0611</CODE>
    <VALUE>道路与桥梁</VALUE>
  </Table1>
  <Table1>
    <CODE>0612</CODE>
    <VALUE>供热通风与空调工程</VALUE>
  </Table1>
  <Table1>
    <CODE>0613</CODE>
    <VALUE>历史建筑保护工程</VALUE>
  </Table1>
  <Table1>
    <CODE>0700</CODE>
    <VALUE>语言文学类</VALUE>
  </Table1>
  <Table1>
    <CODE>0701</CODE>
    <VALUE>汉语言文学</VALUE>
  </Table1>
  <Table1>
    <CODE>0702</CODE>
    <VALUE>英语</VALUE>
  </Table1>
  <Table1>
    <CODE>0703</CODE>
    <VALUE>俄语</VALUE>
  </Table1>
  <Table1>
    <CODE>0704</CODE>
    <VALUE>德语</VALUE>
  </Table1>
  <Table1>
    <CODE>0705</CODE>
    <VALUE>法语</VALUE>
  </Table1>
  <Table1>
    <CODE>0706</CODE>
    <VALUE>日语</VALUE>
  </Table1>
  <Table1>
    <CODE>0707</CODE>
    <VALUE>西班牙语</VALUE>
  </Table1>
  <Table1>
    <CODE>0708</CODE>
    <VALUE>阿拉伯语</VALUE>
  </Table1>
  <Table1>
    <CODE>0709</CODE>
    <VALUE>朝鲜语</VALUE>
  </Table1>
  <Table1>
    <CODE>0710</CODE>
    <VALUE>其它外语</VALUE>
  </Table1>
  <Table1>
    <CODE>0715</CODE>
    <VALUE>外贸英语</VALUE>
  </Table1>
  <Table1>
    <CODE>0716</CODE>
    <VALUE>商务英语</VALUE>
  </Table1>
  <Table1>
    <CODE>0718</CODE>
    <VALUE>对外汉语</VALUE>
  </Table1>
  <Table1>
    <CODE>0800</CODE>
    <VALUE>教育学类</VALUE>
  </Table1>
  <Table1>
    <CODE>0801</CODE>
    <VALUE>教育学</VALUE>
  </Table1>
  <Table1>
    <CODE>0802</CODE>
    <VALUE>体育教育</VALUE>
  </Table1>
  <Table1>
    <CODE>0803</CODE>
    <VALUE>学前教育</VALUE>
  </Table1>
  <Table1>
    <CODE>0804</CODE>
    <VALUE>职业技术教育</VALUE>
  </Table1>
  <Table1>
    <CODE>0805</CODE>
    <VALUE>特殊教育</VALUE>
  </Table1>
  <Table1>
    <CODE>0806</CODE>
    <VALUE>教育技术学</VALUE>
  </Table1>
  <Table1>
    <CODE>0900</CODE>
    <VALUE>法学类</VALUE>
  </Table1>
  <Table1>
    <CODE>0901</CODE>
    <VALUE>法学</VALUE>
  </Table1>
  <Table1>
    <CODE>0902</CODE>
    <VALUE>马克思主义理论</VALUE>
  </Table1>
  <Table1>
    <CODE>0903</CODE>
    <VALUE>社会学</VALUE>
  </Table1>
  <Table1>
    <CODE>0904</CODE>
    <VALUE>政治学与行政学</VALUE>
  </Table1>
  <Table1>
    <CODE>0905</CODE>
    <VALUE>国际政治</VALUE>
  </Table1>
  <Table1>
    <CODE>0906</CODE>
    <VALUE>外交学</VALUE>
  </Table1>
  <Table1>
    <CODE>0907</CODE>
    <VALUE>思想政治教育</VALUE>
  </Table1>
  <Table1>
    <CODE>0908</CODE>
    <VALUE>公安学</VALUE>
  </Table1>
  <Table1>
    <CODE>0909</CODE>
    <VALUE>经济法</VALUE>
  </Table1>
  <Table1>
    <CODE>0910</CODE>
    <VALUE>国际经济法</VALUE>
  </Table1>
  <Table1>
    <CODE>1000</CODE>
    <VALUE>经济学类</VALUE>
  </Table1>
  <Table1>
    <CODE>1001</CODE>
    <VALUE>经济学</VALUE>
  </Table1>
  <Table1>
    <CODE>1002</CODE>
    <VALUE>国际经济与贸易</VALUE>
  </Table1>
  <Table1>
    <CODE>1003</CODE>
    <VALUE>财政学</VALUE>
  </Table1>
  <Table1>
    <CODE>1004</CODE>
    <VALUE>金融学</VALUE>
  </Table1>
  <Table1>
    <CODE>1005</CODE>
    <VALUE>经济管理</VALUE>
  </Table1>
  <Table1>
    <CODE>1006</CODE>
    <VALUE>经济信息管理</VALUE>
  </Table1>
  <Table1>
    <CODE>1007</CODE>
    <VALUE>贸易经济</VALUE>
  </Table1>
  <Table1>
    <CODE>1008</CODE>
    <VALUE>国际金融</VALUE>
  </Table1>
  <Table1>
    <CODE>1009</CODE>
    <VALUE>投资学</VALUE>
  </Table1>
  <Table1>
    <CODE>1010</CODE>
    <VALUE>统计学</VALUE>
  </Table1>
  <Table1>
    <CODE>1012</CODE>
    <VALUE>经济与金融</VALUE>
  </Table1>
  <Table1>
    <CODE>1013</CODE>
    <VALUE>金融工程</VALUE>
  </Table1>
  <Table1>
    <CODE>1014</CODE>
    <VALUE>保险</VALUE>
  </Table1>
  <Table1>
    <CODE>1015</CODE>
    <VALUE>税务</VALUE>
  </Table1>
  <Table1>
    <CODE>1016</CODE>
    <VALUE>信用管理</VALUE>
  </Table1>
  <Table1>
    <CODE>1017</CODE>
    <VALUE>网络经济学</VALUE>
  </Table1>
  <Table1>
    <CODE>1018</CODE>
    <VALUE>技术经济</VALUE>
  </Table1>
  <Table1>
    <CODE>1100</CODE>
    <VALUE>哲学类</VALUE>
  </Table1>
  <Table1>
    <CODE>1101</CODE>
    <VALUE>哲学（含伦理学）</VALUE>
  </Table1>
  <Table1>
    <CODE>1102</CODE>
    <VALUE>逻辑学</VALUE>
  </Table1>
  <Table1>
    <CODE>1103</CODE>
    <VALUE>宗教学</VALUE>
  </Table1>
  <Table1>
    <CODE>1200</CODE>
    <VALUE>艺术类</VALUE>
  </Table1>
  <Table1>
    <CODE>1201</CODE>
    <VALUE>音乐，作曲</VALUE>
  </Table1>
  <Table1>
    <CODE>1202</CODE>
    <VALUE>艺术设计</VALUE>
  </Table1>
  <Table1>
    <CODE>1203</CODE>
    <VALUE>戏剧，表演</VALUE>
  </Table1>
  <Table1>
    <CODE>1204</CODE>
    <VALUE>导演，广播电视编导</VALUE>
  </Table1>
  <Table1>
    <CODE>1205</CODE>
    <VALUE>戏剧影视文学</VALUE>
  </Table1>
  <Table1>
    <CODE>1206</CODE>
    <VALUE>戏剧影视美术设计</VALUE>
  </Table1>
  <Table1>
    <CODE>1207</CODE>
    <VALUE>摄影，动画</VALUE>
  </Table1>
  <Table1>
    <CODE>1208</CODE>
    <VALUE>播音，主持，录音</VALUE>
  </Table1>
  <Table1>
    <CODE>1209</CODE>
    <VALUE>服装设计</VALUE>
  </Table1>
  <Table1>
    <CODE>1210</CODE>
    <VALUE>舞蹈</VALUE>
  </Table1>
  <Table1>
    <CODE>1211</CODE>
    <VALUE>美术学</VALUE>
  </Table1>
  <Table1>
    <CODE>1212</CODE>
    <VALUE>绘画</VALUE>
  </Table1>
  <Table1>
    <CODE>1213</CODE>
    <VALUE>雕塑</VALUE>
  </Table1>
  <Table1>
    <CODE>1214</CODE>
    <VALUE>影视学</VALUE>
  </Table1>
  <Table1>
    <CODE>1300</CODE>
    <VALUE>历史学类</VALUE>
  </Table1>
  <Table1>
    <CODE>1301</CODE>
    <VALUE>历史学</VALUE>
  </Table1>
  <Table1>
    <CODE>1302</CODE>
    <VALUE>考古学</VALUE>
  </Table1>
  <Table1>
    <CODE>1303</CODE>
    <VALUE>博物馆学</VALUE>
  </Table1>
  <Table1>
    <CODE>1400</CODE>
    <VALUE>数学类</VALUE>
  </Table1>
  <Table1>
    <CODE>1401</CODE>
    <VALUE>数学与应用数学</VALUE>
  </Table1>
  <Table1>
    <CODE>1402</CODE>
    <VALUE>信息与计算科学</VALUE>
  </Table1>
  <Table1>
    <CODE>1500</CODE>
    <VALUE>物理学类</VALUE>
  </Table1>
  <Table1>
    <CODE>1501</CODE>
    <VALUE>物理学</VALUE>
  </Table1>
  <Table1>
    <CODE>1502</CODE>
    <VALUE>应用物理学</VALUE>
  </Table1>
  <Table1>
    <CODE>1503</CODE>
    <VALUE>声学</VALUE>
  </Table1>
  <Table1>
    <CODE>1600</CODE>
    <VALUE>化学类及化学工程类</VALUE>
  </Table1>
  <Table1>
    <CODE>1601</CODE>
    <VALUE>化学</VALUE>
  </Table1>
  <Table1>
    <CODE>1602</CODE>
    <VALUE>应用化学</VALUE>
  </Table1>
  <Table1>
    <CODE>1603</CODE>
    <VALUE>化学工程与工艺</VALUE>
  </Table1>
  <Table1>
    <CODE>1604</CODE>
    <VALUE>精细化工</VALUE>
  </Table1>
  <Table1>
    <CODE>1605</CODE>
    <VALUE>化工设备与机械</VALUE>
  </Table1>
  <Table1>
    <CODE>1606</CODE>
    <VALUE>生物化工</VALUE>
  </Table1>
  <Table1>
    <CODE>1700</CODE>
    <VALUE>天文地质地理类</VALUE>
  </Table1>
  <Table1>
    <CODE>1701</CODE>
    <VALUE>天文学</VALUE>
  </Table1>
  <Table1>
    <CODE>1702</CODE>
    <VALUE>地质学</VALUE>
  </Table1>
  <Table1>
    <CODE>1703</CODE>
    <VALUE>地理科学</VALUE>
  </Table1>
  <Table1>
    <CODE>1704</CODE>
    <VALUE>地球物理学</VALUE>
  </Table1>
  <Table1>
    <CODE>1705</CODE>
    <VALUE>大气科学</VALUE>
  </Table1>
  <Table1>
    <CODE>1706</CODE>
    <VALUE>海洋科学</VALUE>
  </Table1>
  <Table1>
    <CODE>1707</CODE>
    <VALUE>地矿</VALUE>
  </Table1>
  <Table1>
    <CODE>1708</CODE>
    <VALUE>宝石鉴定与加工</VALUE>
  </Table1>
  <Table1>
    <CODE>1709</CODE>
    <VALUE>石油工程</VALUE>
  </Table1>
  <Table1>
    <CODE>1710</CODE>
    <VALUE>地球化学</VALUE>
  </Table1>
  <Table1>
    <CODE>1711</CODE>
    <VALUE>地球与空间科学</VALUE>
  </Table1>
  <Table1>
    <CODE>1712</CODE>
    <VALUE>地理信息系统</VALUE>
  </Table1>
  <Table1>
    <CODE>1713</CODE>
    <VALUE>地理信息科学与技术</VALUE>
  </Table1>
  <Table1>
    <CODE>1800</CODE>
    <VALUE>力学类</VALUE>
  </Table1>
  <Table1>
    <CODE>1801</CODE>
    <VALUE>力学</VALUE>
  </Table1>
  <Table1>
    <CODE>1802</CODE>
    <VALUE>应用力学</VALUE>
  </Table1>
  <Table1>
    <CODE>1900</CODE>
    <VALUE>材料类</VALUE>
  </Table1>
  <Table1>
    <CODE>1901</CODE>
    <VALUE>冶金工程</VALUE>
  </Table1>
  <Table1>
    <CODE>1902</CODE>
    <VALUE>金属材料工程</VALUE>
  </Table1>
  <Table1>
    <CODE>1903</CODE>
    <VALUE>无机非金属材料工程	</VALUE>
  </Table1>
  <Table1>
    <CODE>1904</CODE>
    <VALUE>高分子材料与工程</VALUE>
  </Table1>
  <Table1>
    <CODE>1905</CODE>
    <VALUE>材料物理</VALUE>
  </Table1>
  <Table1>
    <CODE>1906</CODE>
    <VALUE>材料化学</VALUE>
  </Table1>
  <Table1>
    <CODE>1907</CODE>
    <VALUE>材料科学与工程</VALUE>
  </Table1>
  <Table1>
    <CODE>1908</CODE>
    <VALUE>电子封装技术</VALUE>
  </Table1>
  <Table1>
    <CODE>2000</CODE>
    <VALUE>环境科学与安全类</VALUE>
  </Table1>
  <Table1>
    <CODE>2001</CODE>
    <VALUE>环境科学</VALUE>
  </Table1>
  <Table1>
    <CODE>2002</CODE>
    <VALUE>环境工程</VALUE>
  </Table1>
  <Table1>
    <CODE>2003</CODE>
    <VALUE>安全工程</VALUE>
  </Table1>
  <Table1>
    <CODE>2004</CODE>
    <VALUE>生态学</VALUE>
  </Table1>
  <Table1>
    <CODE>2100</CODE>
    <VALUE>仪器仪表类</VALUE>
  </Table1>
  <Table1>
    <CODE>2101</CODE>
    <VALUE>测控技术与仪器</VALUE>
  </Table1>
  <Table1>
    <CODE>2200</CODE>
    <VALUE>能源动力类</VALUE>
  </Table1>
  <Table1>
    <CODE>2201</CODE>
    <VALUE>热能与动力工程</VALUE>
  </Table1>
  <Table1>
    <CODE>2202</CODE>
    <VALUE>核工程与核技术</VALUE>
  </Table1>
  <Table1>
    <CODE>2203</CODE>
    <VALUE>电力系统及自动化</VALUE>
  </Table1>
  <Table1>
    <CODE>2204</CODE>
    <VALUE>制冷与低温技术</VALUE>
  </Table1>
  <Table1>
    <CODE>2300</CODE>
    <VALUE>水利类</VALUE>
  </Table1>
  <Table1>
    <CODE>2301</CODE>
    <VALUE>水利水电工程</VALUE>
  </Table1>
  <Table1>
    <CODE>2302</CODE>
    <VALUE>水文与水资源工程</VALUE>
  </Table1>
  <Table1>
    <CODE>2303</CODE>
    <VALUE>港口航道与海岸工程</VALUE>
  </Table1>
  <Table1>
    <CODE>2400</CODE>
    <VALUE>测绘类</VALUE>
  </Table1>
  <Table1>
    <CODE>2401</CODE>
    <VALUE>测绘工程</VALUE>
  </Table1>
  <Table1>
    <CODE>2402</CODE>
    <VALUE>遥感科学与技术</VALUE>
  </Table1>
  <Table1>
    <CODE>2403</CODE>
    <VALUE>空间信息与数字技术</VALUE>
  </Table1>
  <Table1>
    <CODE>2500</CODE>
    <VALUE>制药工程类</VALUE>
  </Table1>
  <Table1>
    <CODE>2501</CODE>
    <VALUE>制药工程</VALUE>
  </Table1>
  <Table1>
    <CODE>2600</CODE>
    <VALUE>交通运输类</VALUE>
  </Table1>
  <Table1>
    <CODE>2601</CODE>
    <VALUE>交通运输</VALUE>
  </Table1>
  <Table1>
    <CODE>2602</CODE>
    <VALUE>交通工程</VALUE>
  </Table1>
  <Table1>
    <CODE>2603</CODE>
    <VALUE>油气储运工程</VALUE>
  </Table1>
  <Table1>
    <CODE>2604</CODE>
    <VALUE>飞行技术</VALUE>
  </Table1>
  <Table1>
    <CODE>2605</CODE>
    <VALUE>航海技术</VALUE>
  </Table1>
  <Table1>
    <CODE>2606</CODE>
    <VALUE>轮机工程</VALUE>
  </Table1>
  <Table1>
    <CODE>2608</CODE>
    <VALUE>物流工程</VALUE>
  </Table1>
  <Table1>
    <CODE>2609</CODE>
    <VALUE>海事管理</VALUE>
  </Table1>
  <Table1>
    <CODE>2700</CODE>
    <VALUE>船舶与海洋工程类</VALUE>
  </Table1>
  <Table1>
    <CODE>2701</CODE>
    <VALUE>船舶与海洋工程</VALUE>
  </Table1>
  <Table1>
    <CODE>2800</CODE>
    <VALUE>轻工纺织食品类</VALUE>
  </Table1>
  <Table1>
    <CODE>2801</CODE>
    <VALUE>食品科学与工程</VALUE>
  </Table1>
  <Table1>
    <CODE>2802</CODE>
    <VALUE>轻化工程</VALUE>
  </Table1>
  <Table1>
    <CODE>2803</CODE>
    <VALUE>包装工程</VALUE>
  </Table1>
  <Table1>
    <CODE>2804</CODE>
    <VALUE>印刷工程</VALUE>
  </Table1>
  <Table1>
    <CODE>2805</CODE>
    <VALUE>纺织工程</VALUE>
  </Table1>
  <Table1>
    <CODE>2806</CODE>
    <VALUE>服装设计与工程</VALUE>
  </Table1>
  <Table1>
    <CODE>2900</CODE>
    <VALUE>航空航天类</VALUE>
  </Table1>
  <Table1>
    <CODE>2901</CODE>
    <VALUE>飞行器设计与工程</VALUE>
  </Table1>
  <Table1>
    <CODE>2902</CODE>
    <VALUE>飞行器动力工程</VALUE>
  </Table1>
  <Table1>
    <CODE>2903</CODE>
    <VALUE>飞行器制造工程</VALUE>
  </Table1>
  <Table1>
    <CODE>2904</CODE>
    <VALUE>飞行器环境与生命保障工程</VALUE>
  </Table1>
  <Table1>
    <CODE>3000</CODE>
    <VALUE>武器类</VALUE>
  </Table1>
  <Table1>
    <CODE>3001</CODE>
    <VALUE>武器系统与发射工程</VALUE>
  </Table1>
  <Table1>
    <CODE>3002</CODE>
    <VALUE>探测制导与控制技术</VALUE>
  </Table1>
  <Table1>
    <CODE>3003</CODE>
    <VALUE>弹药工程与爆炸技术</VALUE>
  </Table1>
  <Table1>
    <CODE>3004</CODE>
    <VALUE>特种能源工程与烟火技术</VALUE>
  </Table1>
  <Table1>
    <CODE>3005</CODE>
    <VALUE>地面武器机动工程</VALUE>
  </Table1>
  <Table1>
    <CODE>3006</CODE>
    <VALUE>信息对抗技术</VALUE>
  </Table1>
  <Table1>
    <CODE>3100</CODE>
    <VALUE>生物科学及生物技术类</VALUE>
  </Table1>
  <Table1>
    <CODE>3101</CODE>
    <VALUE>生物工程</VALUE>
  </Table1>
  <Table1>
    <CODE>3103</CODE>
    <VALUE>生物科学，技术</VALUE>
  </Table1>
  <Table1>
    <CODE>3104</CODE>
    <VALUE>生物信息学</VALUE>
  </Table1>
  <Table1>
    <CODE>3200</CODE>
    <VALUE>公安技术类</VALUE>
  </Table1>
  <Table1>
    <CODE>3201</CODE>
    <VALUE>公安技术</VALUE>
  </Table1>
  <Table1>
    <CODE>3300</CODE>
    <VALUE>农业类</VALUE>
  </Table1>
  <Table1>
    <CODE>3301</CODE>
    <VALUE>农学</VALUE>
  </Table1>
  <Table1>
    <CODE>3302</CODE>
    <VALUE>园艺</VALUE>
  </Table1>
  <Table1>
    <CODE>3303</CODE>
    <VALUE>植物保护学</VALUE>
  </Table1>
  <Table1>
    <CODE>3304</CODE>
    <VALUE>茶学</VALUE>
  </Table1>
  <Table1>
    <CODE>3305</CODE>
    <VALUE>草业科学</VALUE>
  </Table1>
  <Table1>
    <CODE>3306</CODE>
    <VALUE>森林资源</VALUE>
  </Table1>
  <Table1>
    <CODE>3307</CODE>
    <VALUE>环境生态</VALUE>
  </Table1>
  <Table1>
    <CODE>3308</CODE>
    <VALUE>动物科学</VALUE>
  </Table1>
  <Table1>
    <CODE>3309</CODE>
    <VALUE>动物医学</VALUE>
  </Table1>
  <Table1>
    <CODE>3310</CODE>
    <VALUE>水产科学</VALUE>
  </Table1>
  <Table1>
    <CODE>3311</CODE>
    <VALUE>农业工程</VALUE>
  </Table1>
  <Table1>
    <CODE>3312</CODE>
    <VALUE>林业工程</VALUE>
  </Table1>
  <Table1>
    <CODE>3313</CODE>
    <VALUE>植物生产</VALUE>
  </Table1>
  <Table1>
    <CODE>3314</CODE>
    <VALUE>园林</VALUE>
  </Table1>
  <Table1>
    <CODE>3400</CODE>
    <VALUE>医学类</VALUE>
  </Table1>
  <Table1>
    <CODE>3401</CODE>
    <VALUE>基础医学</VALUE>
  </Table1>
  <Table1>
    <CODE>3402</CODE>
    <VALUE>预防医学</VALUE>
  </Table1>
  <Table1>
    <CODE>3403</CODE>
    <VALUE>临床医学与医学技术</VALUE>
  </Table1>
  <Table1>
    <CODE>3404</CODE>
    <VALUE>口腔医学</VALUE>
  </Table1>
  <Table1>
    <CODE>3405</CODE>
    <VALUE>中医学</VALUE>
  </Table1>
  <Table1>
    <CODE>3406</CODE>
    <VALUE>法医学</VALUE>
  </Table1>
  <Table1>
    <CODE>3407</CODE>
    <VALUE>护理学</VALUE>
  </Table1>
  <Table1>
    <CODE>3408</CODE>
    <VALUE>药学</VALUE>
  </Table1>
  <Table1>
    <CODE>3410</CODE>
    <VALUE>医学检验</VALUE>
  </Table1>
  <Table1>
    <CODE>3411</CODE>
    <VALUE>营养学</VALUE>
  </Table1>
  <Table1>
    <CODE>3412</CODE>
    <VALUE>麻醉学</VALUE>
  </Table1>
  <Table1>
    <CODE>3413</CODE>
    <VALUE>放射医学</VALUE>
  </Table1>
  <Table1>
    <CODE>3414</CODE>
    <VALUE>眼视光学</VALUE>
  </Table1>
  <Table1>
    <CODE>3415</CODE>
    <VALUE>针灸推拿学</VALUE>
  </Table1>
  <Table1>
    <CODE>3416</CODE>
    <VALUE>中药学</VALUE>
  </Table1>
  <Table1>
    <CODE>3500</CODE>
    <VALUE>图书档案学类</VALUE>
  </Table1>
  <Table1>
    <CODE>3501</CODE>
    <VALUE>图书馆学和档案学</VALUE>
  </Table1>
  <Table1>
    <CODE>3502</CODE>
    <VALUE>信息资源管理</VALUE>
  </Table1>
  <Table1>
    <CODE>3600</CODE>
    <VALUE>电气信息类</VALUE>
  </Table1>
  <Table1>
    <CODE>3601</CODE>
    <VALUE>电气工程及其自动化</VALUE>
  </Table1>
  <Table1>
    <CODE>3602</CODE>
    <VALUE>电气信息工程</VALUE>
  </Table1>
  <Table1>
    <CODE>3603</CODE>
    <VALUE>通信工程</VALUE>
  </Table1>
  <Table1>
    <CODE>3604</CODE>
    <VALUE>自动化</VALUE>
  </Table1>
  <Table1>
    <CODE>3605</CODE>
    <VALUE>电子信息工程</VALUE>
  </Table1>
  <Table1>
    <CODE>3606</CODE>
    <VALUE>电子科学与技术</VALUE>
  </Table1>
  <Table1>
    <CODE>3607</CODE>
    <VALUE>集成电路设计与集成系统</VALUE>
  </Table1>
  <Table1>
    <CODE>3608</CODE>
    <VALUE>影视艺术技术</VALUE>
  </Table1>
  <Table1>
    <CODE>3609</CODE>
    <VALUE>广播电视工程</VALUE>
  </Table1>
  <Table1>
    <CODE>3700</CODE>
    <VALUE>计算机科学与技术类</VALUE>
  </Table1>
  <Table1>
    <CODE>3701</CODE>
    <VALUE>计算机科学与技术</VALUE>
  </Table1>
  <Table1>
    <CODE>3702</CODE>
    <VALUE>计算机科学</VALUE>
  </Table1>
  <Table1>
    <CODE>3703</CODE>
    <VALUE>计算机工程</VALUE>
  </Table1>
  <Table1>
    <CODE>3704</CODE>
    <VALUE>计算机网络</VALUE>
  </Table1>
  <Table1>
    <CODE>3705</CODE>
    <VALUE>计算机应用</VALUE>
  </Table1>
  <Table1>
    <CODE>3706</CODE>
    <VALUE>软件工程</VALUE>
  </Table1>
  <Table1>
    <CODE>3707</CODE>
    <VALUE>计算机信息管理</VALUE>
  </Table1>
  <Table1>
    <CODE>3800</CODE>
    <VALUE>系统科学类</VALUE>
  </Table1>
  <Table1>
    <CODE>3801</CODE>
    <VALUE>系统理论</VALUE>
  </Table1>
  <Table1>
    <CODE>3802</CODE>
    <VALUE>系统科学与工程</VALUE>
  </Table1>
  <Table1>
    <CODE>3900</CODE>
    <VALUE>新闻传播学类</VALUE>
  </Table1>
  <Table1>
    <CODE>3901</CODE>
    <VALUE>新闻学</VALUE>
  </Table1>
  <Table1>
    <CODE>3902</CODE>
    <VALUE>广播电视新闻</VALUE>
  </Table1>
  <Table1>
    <CODE>3903</CODE>
    <VALUE>广告学</VALUE>
  </Table1>
  <Table1>
    <CODE>3904</CODE>
    <VALUE>编辑出版学</VALUE>
  </Table1>
  <Table1>
    <CODE>3905</CODE>
    <VALUE>传播学</VALUE>
  </Table1>
  <Table1>
    <CODE>3906</CODE>
    <VALUE>媒体创意</VALUE>
  </Table1>
  <Table1>
    <CODE>4000</CODE>
    <VALUE>心理学类</VALUE>
  </Table1>
  <Table1>
    <CODE>4001</CODE>
    <VALUE>心理学</VALUE>
  </Table1>
  <Table1>
    <CODE>4002</CODE>
    <VALUE>应用心理学</VALUE>
  </Table1>
  <Table1>
    <CODE>4100</CODE>
    <VALUE>生物医学工程类</VALUE>
  </Table1>
  <Table1>
    <CODE>4101</CODE>
    <VALUE>生物医学工程</VALUE>
  </Table1>
</NewDataSet>
