<NewDataSet>
<Table1>
<CODE>01</CODE>
<VALUE>1500元以下</VALUE>
</Table1>
<Table1>
<CODE>02</CODE>
<VALUE>1500-1999元</VALUE>
</Table1>
<Table1>
<CODE>03</CODE>
<VALUE>2000-2999元</VALUE>
</Table1>
<Table1>
<CODE>04</CODE>
<VALUE>3000-4499元</VALUE>
</Table1>
<Table1>
<CODE>05</CODE>
<VALUE>4500-5999元</VALUE>
</Table1>
<Table1>
<CODE>06</CODE>
<VALUE>6000-7999元</VALUE>
</Table1>
<Table1>
<CODE>07</CODE>
<VALUE>8000-9999元</VALUE>
</Table1>
<Table1>
<CODE>08</CODE>
<VALUE>10000-14999元</VALUE>
</Table1>
<Table1>
<CODE>09</CODE>
<VALUE>15000-19999元</VALUE>
</Table1>
<Table1>
<CODE>10</CODE>
<VALUE>25000-29999元</VALUE>
</Table1>
<Table1>
<CODE>11</CODE>
<VALUE>40000-49999元</VALUE>
</Table1>
<Table1>
<CODE>12</CODE>
<VALUE>50000-69999元</VALUE>
</Table1>
<Table1>
<CODE>13</CODE>
<VALUE>20000-24999元</VALUE>
</Table1>
<Table1>
<CODE>14</CODE>
<VALUE>30000-39999元</VALUE>
</Table1>
<Table1>
<CODE>15</CODE>
<VALUE>70000-99999元</VALUE>
</Table1>
<Table1>
<CODE>16</CODE>
<VALUE>100000元及以上</VALUE>
</Table1>
</NewDataSet>
