<NewDataSet>
  <Table1>
    <CODE>1</CODE>
    <VALUE>无工作经验</VALUE>
  </Table1>
  <Table1>
    <CODE>3</CODE>
    <VALUE>1年</VALUE>
  </Table1>
  <Table1>
    <CODE>4</CODE>
    <VALUE>2年</VALUE>
  </Table1>
  <Table1>
    <CODE>5</CODE>
    <VALUE>3-4年</VALUE>
  </Table1>
  <Table1>
    <CODE>6</CODE>
    <VALUE>5-7年</VALUE>
  </Table1>
  <Table1>
    <CODE>7</CODE>
    <VALUE>8-9年</VALUE>
  </Table1>
  <Table1>
    <CODE>8</CODE>
    <VALUE>10年以上</VALUE>
  </Table1>
</NewDataSet>
