<NewDataSet> 
  <Table> 
    <CODE>1218</CODE>
    <VALUE>滨州市</VALUE>
  </Table>
  <Table>
    <CODE>1312</CODE>
    <VALUE>新余市</VALUE>
  </Table>
  <Table>
    <CODE>1415</CODE>
    <VALUE>钦州市</VALUE>
  </Table>
  <Table>
    <CODE>3701</CODE>
    <VALUE>乌鲁木齐市</VALUE>
  </Table>
  <Table>
    <CODE>3702</CODE>
    <VALUE>克拉玛依市</VALUE>
  </Table>
  <Table>
    <CODE>3703</CODE>
    <VALUE>喀什地区市</VALUE>
  </Table>
  <Table>
    <CODE>3704</CODE>
    <VALUE>克孜勒苏柯尔克自治州</VALUE>
  </Table>
  <Table>
    <CODE>3705</CODE>
    <VALUE>巴音郭楞蒙古自治州</VALUE>
  </Table>
  <Table>
    <CODE>3706</CODE>
    <VALUE>昌吉回族自治州</VALUE>
  </Table>
  <Table>
    <CODE>3707</CODE>
    <VALUE>博尔塔拉蒙古自治州</VALUE>
  </Table>
  <Table>
    <CODE>3708</CODE>
    <VALUE>伊犁哈萨克自治州</VALUE>
  </Table>
  <Table>
    <CODE>3208</CODE>
    <VALUE>黄南藏族自治州</VALUE>
  </Table>
  <Table>
    <CODE>3209</CODE>
    <VALUE>海南藏族自治州</VALUE>
  </Table>
  <Table>
    <CODE>3210</CODE>
    <VALUE>玉树藏族自治州</VALUE>
  </Table>
  <Table>
    <CODE>3211</CODE>
    <VALUE>海西蒙古族藏族自治州</VALUE>
  </Table>
  <Table>
    <CODE>1818</CODE>
    <VALUE>恩施州</VALUE>
  </Table>
  <Table>
    <CODE>2521</CODE>
    <VALUE>普洱市</VALUE>
  </Table>
  <Table>
    <CODE>0302</CODE>
    <VALUE>广州市</VALUE>
  </Table>
  <Table>
    <CODE>0303</CODE>
    <VALUE>惠州市</VALUE>
  </Table>
  <Table>
    <CODE>0304</CODE>
    <VALUE>汕头市</VALUE>
  </Table>
  <Table>
    <CODE>0305</CODE>
    <VALUE>珠海市</VALUE>
  </Table>
  <Table>
    <CODE>0306</CODE>
    <VALUE>佛山市</VALUE>
  </Table>
  <Table>
    <CODE>0307</CODE>
    <VALUE>中山市</VALUE>
  </Table>
  <Table>
    <CODE>0308</CODE>
    <VALUE>东莞市</VALUE>
  </Table>
  <Table>
    <CODE>0309</CODE>
    <VALUE>韶关市</VALUE>
  </Table>
  <Table>
    <CODE>0310</CODE>
    <VALUE>江门市</VALUE>
  </Table>
  <Table>
    <CODE>0311</CODE>
    <VALUE>深圳市</VALUE>
  </Table>
  <Table>
    <CODE>0702</CODE>
    <VALUE>南京市</VALUE>
  </Table>
  <Table>
    <CODE>0703</CODE>
    <VALUE>苏州市</VALUE>
  </Table>
  <Table>
    <CODE>0704</CODE>
    <VALUE>无锡市</VALUE>
  </Table>
  <Table>
    <CODE>0705</CODE>
    <VALUE>常州市</VALUE>
  </Table>
  <Table>
    <CODE>0802</CODE>
    <VALUE>杭州市</VALUE>
  </Table>
  <Table>
    <CODE>0803</CODE>
    <VALUE>宁波市</VALUE>
  </Table>
  <Table>
    <CODE>0804</CODE>
    <VALUE>温州市</VALUE>
  </Table>
  <Table>
    <CODE>0902</CODE>
    <VALUE>成都市</VALUE>
  </Table>
  <Table>
    <CODE>1002</CODE>
    <VALUE>海口市</VALUE>
  </Table>
  <Table>
    <CODE>1102</CODE>
    <VALUE>福州市</VALUE>
  </Table>
  <Table>
    <CODE>1103</CODE>
    <VALUE>厦门市</VALUE>
  </Table>
  <Table>
    <CODE>1202</CODE>
    <VALUE>济南市</VALUE>
  </Table>
  <Table>
    <CODE>1203</CODE>
    <VALUE>青岛市</VALUE>
  </Table>
  <Table>
    <CODE>1204</CODE>
    <VALUE>烟台市</VALUE>
  </Table>
  <Table>
    <CODE>1302</CODE>
    <VALUE>南昌市</VALUE>
  </Table>
  <Table>
    <CODE>1402</CODE>
    <VALUE>南宁市</VALUE>
  </Table>
  <Table>
    <CODE>1502</CODE>
    <VALUE>合肥市</VALUE>
  </Table>
  <Table>
    <CODE>1602</CODE>
    <VALUE>石家庄市</VALUE>
  </Table>
  <Table>
    <CODE>1702</CODE>
    <VALUE>郑州市</VALUE>
  </Table>
  <Table>
    <CODE>1802</CODE>
    <VALUE>武汉市</VALUE>
  </Table>
  <Table>
    <CODE>1902</CODE>
    <VALUE>长沙市</VALUE>
  </Table>
  <Table>
    <CODE>2002</CODE>
    <VALUE>西安市</VALUE>
  </Table>
  <Table>
    <CODE>2102</CODE>
    <VALUE>太原市</VALUE>
  </Table>
  <Table>
    <CODE>2202</CODE>
    <VALUE>哈尔滨市</VALUE>
  </Table>
  <Table>
    <CODE>2302</CODE>
    <VALUE>沈阳市</VALUE>
  </Table>
  <Table>
    <CODE>2303</CODE>
    <VALUE>大连市</VALUE>
  </Table>
  <Table>
    <CODE>2402</CODE>
    <VALUE>长春市</VALUE>
  </Table>
  <Table>
    <CODE>2403</CODE>
    <VALUE>吉林市</VALUE>
  </Table>
  <Table>
    <CODE>2502</CODE>
    <VALUE>昆明市</VALUE>
  </Table>
  <Table>
    <CODE>2602</CODE>
    <VALUE>贵阳市</VALUE>
  </Table>
  <Table>
    <CODE>2702</CODE>
    <VALUE>兰州市</VALUE>
  </Table>
  <Table>
    <CODE>2802</CODE>
    <VALUE>呼和浩特市</VALUE>
  </Table>
  <Table>
    <CODE>2902</CODE>
    <VALUE>银川市</VALUE>
  </Table>
  <Table>
    <CODE>3002</CODE>
    <VALUE>拉萨市</VALUE>
  </Table>
  <Table>
    <CODE>3102</CODE>
    <VALUE>乌鲁木齐市</VALUE>
  </Table>
  <Table>
    <CODE>3202</CODE>
    <VALUE>西宁市</VALUE>
  </Table>
  <Table>
    <CODE>3501</CODE>
    <VALUE>台北市</VALUE>
  </Table>
  <Table>
    <CODE>3502</CODE>
    <VALUE>台南市</VALUE>
  </Table>
  <Table>
    <CODE>3503</CODE>
    <VALUE>基隆市</VALUE>
  </Table>
  <Table>
    <CODE>3504</CODE>
    <VALUE>台中市</VALUE>
  </Table>
  <Table>
    <CODE>3505</CODE>
    <VALUE>高雄市</VALUE>
  </Table>
  <Table>
    <CODE>0323</CODE>
    <VALUE>梅州市</VALUE>
  </Table>
  <Table>
    <CODE>3301</CODE>
    <VALUE>香港特别行政区</VALUE>
  </Table>
  <Table>
    <CODE>0324</CODE>
    <VALUE>云浮市</VALUE>
  </Table>
  <Table>
    <CODE>2007</CODE>
    <VALUE>榆林市</VALUE>
  </Table>
  <Table>
    <CODE>1214</CODE>
    <VALUE>莱芜市</VALUE>
  </Table>
  <Table>
    <CODE>3401</CODE>
    <VALUE>澳门特别行政区</VALUE>
  </Table>
  <Table>
    <CODE>1603</CODE>
    <VALUE>廊坊市</VALUE>
  </Table>
  <Table>
    <CODE>1604</CODE>
    <VALUE>保定市</VALUE>
  </Table>
  <Table>
    <CODE>1605</CODE>
    <VALUE>唐山市</VALUE>
  </Table>
  <Table>
    <CODE>1606</CODE>
    <VALUE>秦皇岛市</VALUE>
  </Table>
  <Table>
    <CODE>2103</CODE>
    <VALUE>运城市</VALUE>
  </Table>
  <Table>
    <CODE>2104</CODE>
    <VALUE>大同市</VALUE>
  </Table>
  <Table>
    <CODE>2105</CODE>
    <VALUE>临汾市</VALUE>
  </Table>
  <Table>
    <CODE>2803</CODE>
    <VALUE>赤峰市</VALUE>
  </Table>
  <Table>
    <CODE>2804</CODE>
    <VALUE>包头市</VALUE>
  </Table>
  <Table>
    <CODE>2304</CODE>
    <VALUE>鞍山市</VALUE>
  </Table>
  <Table>
    <CODE>2305</CODE>
    <VALUE>营口市</VALUE>
  </Table>
  <Table>
    <CODE>2306</CODE>
    <VALUE>抚顺市</VALUE>
  </Table>
  <Table>
    <CODE>2307</CODE>
    <VALUE>锦州市</VALUE>
  </Table>
  <Table>
    <CODE>2308</CODE>
    <VALUE>丹东市</VALUE>
  </Table>
  <Table>
    <CODE>2309</CODE>
    <VALUE>葫芦岛市</VALUE>
  </Table>
  <Table>
    <CODE>2310</CODE>
    <VALUE>本溪市</VALUE>
  </Table>
  <Table>
    <CODE>2311</CODE>
    <VALUE>辽阳市</VALUE>
  </Table>
  <Table>
    <CODE>2312</CODE>
    <VALUE>铁岭市</VALUE>
  </Table>
  <Table>
    <CODE>2404</CODE>
    <VALUE>辽源市</VALUE>
  </Table>
  <Table>
    <CODE>2405</CODE>
    <VALUE>通化市</VALUE>
  </Table>
  <Table>
    <CODE>2203</CODE>
    <VALUE>伊春市</VALUE>
  </Table>
  <Table>
    <CODE>2204</CODE>
    <VALUE>绥化市</VALUE>
  </Table>
  <Table>
    <CODE>2205</CODE>
    <VALUE>大庆市</VALUE>
  </Table>
  <Table>
    <CODE>2206</CODE>
    <VALUE>齐齐哈尔市</VALUE>
  </Table>
  <Table>
    <CODE>2207</CODE>
    <VALUE>牡丹江市</VALUE>
  </Table>
  <Table>
    <CODE>2208</CODE>
    <VALUE>佳木斯市</VALUE>
  </Table>
  <Table>
    <CODE>0706</CODE>
    <VALUE>昆山市</VALUE>
  </Table>
  <Table>
    <CODE>0707</CODE>
    <VALUE>常熟市</VALUE>
  </Table>
  <Table>
    <CODE>0708</CODE>
    <VALUE>扬州市</VALUE>
  </Table>
  <Table>
    <CODE>0709</CODE>
    <VALUE>南通市</VALUE>
  </Table>
  <Table>
    <CODE>0710</CODE>
    <VALUE>镇江市</VALUE>
  </Table>
  <Table>
    <CODE>0711</CODE>
    <VALUE>徐州市</VALUE>
  </Table>
  <Table>
    <CODE>0712</CODE>
    <VALUE>连云港市</VALUE>
  </Table>
  <Table>
    <CODE>0713</CODE>
    <VALUE>盐城市</VALUE>
  </Table>
  <Table>
    <CODE>0714</CODE>
    <VALUE>张家港市</VALUE>
  </Table>
  <Table>
    <CODE>0805</CODE>
    <VALUE>绍兴市</VALUE>
  </Table>
  <Table>
    <CODE>0806</CODE>
    <VALUE>金华市</VALUE>
  </Table>
  <Table>
    <CODE>0807</CODE>
    <VALUE>嘉兴市</VALUE>
  </Table>
  <Table>
    <CODE>0808</CODE>
    <VALUE>台州市</VALUE>
  </Table>
  <Table>
    <CODE>0809</CODE>
    <VALUE>湖州市</VALUE>
  </Table>
  <Table>
    <CODE>0810</CODE>
    <VALUE>丽水市</VALUE>
  </Table>
  <Table>
    <CODE>0811</CODE>
    <VALUE>舟山市</VALUE>
  </Table>
  <Table>
    <CODE>0812</CODE>
    <VALUE>衢州市</VALUE>
  </Table>
  <Table>
    <CODE>1503</CODE>
    <VALUE>芜湖市</VALUE>
  </Table>
  <Table>
    <CODE>1504</CODE>
    <VALUE>安庆市</VALUE>
  </Table>
  <Table>
    <CODE>1505</CODE>
    <VALUE>马鞍山市</VALUE>
  </Table>
  <Table>
    <CODE>1506</CODE>
    <VALUE>蚌埠市</VALUE>
  </Table>
  <Table>
    <CODE>1507</CODE>
    <VALUE>阜阳市</VALUE>
  </Table>
  <Table>
    <CODE>1508</CODE>
    <VALUE>铜陵市</VALUE>
  </Table>
  <Table>
    <CODE>1509</CODE>
    <VALUE>滁州市</VALUE>
  </Table>
  <Table>
    <CODE>1510</CODE>
    <VALUE>黄山市</VALUE>
  </Table>
  <Table>
    <CODE>1511</CODE>
    <VALUE>淮南市</VALUE>
  </Table>
  <Table>
    <CODE>1512</CODE>
    <VALUE>六安市</VALUE>
  </Table>
  <Table>
    <CODE>1513</CODE>
    <VALUE>巢湖市</VALUE>
  </Table>
  <Table>
    <CODE>1514</CODE>
    <VALUE>宣城市</VALUE>
  </Table>
  <Table>
    <CODE>1515</CODE>
    <VALUE>池州市</VALUE>
  </Table>
  <Table>
    <CODE>1104</CODE>
    <VALUE>泉州市</VALUE>
  </Table>
  <Table>
    <CODE>1105</CODE>
    <VALUE>漳州市</VALUE>
  </Table>
  <Table>
    <CODE>1106</CODE>
    <VALUE>莆田市</VALUE>
  </Table>
  <Table>
    <CODE>1107</CODE>
    <VALUE>三明市</VALUE>
  </Table>
  <Table>
    <CODE>1108</CODE>
    <VALUE>南平市</VALUE>
  </Table>
  <Table>
    <CODE>1109</CODE>
    <VALUE>宁德市</VALUE>
  </Table>
  <Table>
    <CODE>1110</CODE>
    <VALUE>龙岩市</VALUE>
  </Table>
  <Table>
    <CODE>1303</CODE>
    <VALUE>九江市</VALUE>
  </Table>
  <Table>
    <CODE>1205</CODE>
    <VALUE>潍坊市</VALUE>
  </Table>
  <Table>
    <CODE>1206</CODE>
    <VALUE>威海市</VALUE>
  </Table>
  <Table>
    <CODE>1207</CODE>
    <VALUE>淄博市</VALUE>
  </Table>
  <Table>
    <CODE>1208</CODE>
    <VALUE>临沂市</VALUE>
  </Table>
  <Table>
    <CODE>1209</CODE>
    <VALUE>济宁市</VALUE>
  </Table>
  <Table>
    <CODE>1210</CODE>
    <VALUE>东营市</VALUE>
  </Table>
  <Table>
    <CODE>1211</CODE>
    <VALUE>泰安市</VALUE>
  </Table>
  <Table>
    <CODE>1212</CODE>
    <VALUE>日照市</VALUE>
  </Table>
  <Table>
    <CODE>1213</CODE>
    <VALUE>德州市</VALUE>
  </Table>
  <Table>
    <CODE>1703</CODE>
    <VALUE>洛阳市</VALUE>
  </Table>
  <Table>
    <CODE>1704</CODE>
    <VALUE>开封市</VALUE>
  </Table>
  <Table>
    <CODE>1803</CODE>
    <VALUE>宜昌市</VALUE>
  </Table>
  <Table>
    <CODE>1804</CODE>
    <VALUE>黄石市</VALUE>
  </Table>
  <Table>
    <CODE>1805</CODE>
    <VALUE>襄阳市</VALUE>
  </Table>
  <Table>
    <CODE>1806</CODE>
    <VALUE>十堰市</VALUE>
  </Table>
  <Table>
    <CODE>1807</CODE>
    <VALUE>荆州市</VALUE>
  </Table>
  <Table>
    <CODE>1808</CODE>
    <VALUE>荆门市</VALUE>
  </Table>
  <Table>
    <CODE>1809</CODE>
    <VALUE>孝感市</VALUE>
  </Table>
  <Table>
    <CODE>1810</CODE>
    <VALUE>鄂州市</VALUE>
  </Table>
  <Table>
    <CODE>1903</CODE>
    <VALUE>株洲市</VALUE>
  </Table>
  <Table>
    <CODE>1904</CODE>
    <VALUE>湘潭市</VALUE>
  </Table>
  <Table>
    <CODE>1905</CODE>
    <VALUE>衡阳市</VALUE>
  </Table>
  <Table>
    <CODE>1906</CODE>
    <VALUE>岳阳市</VALUE>
  </Table>
  <Table>
    <CODE>1907</CODE>
    <VALUE>常德市</VALUE>
  </Table>
  <Table>
    <CODE>1908</CODE>
    <VALUE>益阳市</VALUE>
  </Table>
  <Table>
    <CODE>1909</CODE>
    <VALUE>郴州市</VALUE>
  </Table>
  <Table>
    <CODE>1910</CODE>
    <VALUE>邵阳市</VALUE>
  </Table>
  <Table>
    <CODE>1911</CODE>
    <VALUE>怀化市</VALUE>
  </Table>
  <Table>
    <CODE>1912</CODE>
    <VALUE>娄底市</VALUE>
  </Table>
  <Table>
    <CODE>1913</CODE>
    <VALUE>永州市</VALUE>
  </Table>
  <Table>
    <CODE>1914</CODE>
    <VALUE>张家界市</VALUE>
  </Table>
  <Table>
    <CODE>0313</CODE>
    <VALUE>增城市</VALUE>
  </Table>
  <Table>
    <CODE>0314</CODE>
    <VALUE>湛江市</VALUE>
  </Table>
  <Table>
    <CODE>0315</CODE>
    <VALUE>肇庆市</VALUE>
  </Table>
  <Table>
    <CODE>0316</CODE>
    <VALUE>清远市</VALUE>
  </Table>
  <Table>
    <CODE>0317</CODE>
    <VALUE>潮州市</VALUE>
  </Table>
  <Table>
    <CODE>0318</CODE>
    <VALUE>河源市</VALUE>
  </Table>
  <Table>
    <CODE>0319</CODE>
    <VALUE>揭阳市</VALUE>
  </Table>
  <Table>
    <CODE>0320</CODE>
    <VALUE>茂名市</VALUE>
  </Table>
  <Table>
    <CODE>0321</CODE>
    <VALUE>汕尾市</VALUE>
  </Table>
  <Table>
    <CODE>0322</CODE>
    <VALUE>顺德市</VALUE>
  </Table>
  <Table>
    <CODE>1403</CODE>
    <VALUE>桂林市</VALUE>
  </Table>
  <Table>
    <CODE>1404</CODE>
    <VALUE>柳州市</VALUE>
  </Table>
  <Table>
    <CODE>1405</CODE>
    <VALUE>北海市</VALUE>
  </Table>
  <Table>
    <CODE>1003</CODE>
    <VALUE>三亚市</VALUE>
  </Table>
  <Table>
    <CODE>0903</CODE>
    <VALUE>绵阳市</VALUE>
  </Table>
  <Table>
    <CODE>0904</CODE>
    <VALUE>乐山市</VALUE>
  </Table>
  <Table>
    <CODE>0905</CODE>
    <VALUE>泸州市</VALUE>
  </Table>
  <Table>
    <CODE>0906</CODE>
    <VALUE>德阳市</VALUE>
  </Table>
  <Table>
    <CODE>0907</CODE>
    <VALUE>宜宾市</VALUE>
  </Table>
  <Table>
    <CODE>0908</CODE>
    <VALUE>自贡市</VALUE>
  </Table>
  <Table>
    <CODE>0909</CODE>
    <VALUE>内江市</VALUE>
  </Table>
  <Table>
    <CODE>0910</CODE>
    <VALUE>攀枝花市</VALUE>
  </Table>
  <Table>
    <CODE>2603</CODE>
    <VALUE>遵义市</VALUE>
  </Table>
  <Table>
    <CODE>2503</CODE>
    <VALUE>曲靖市</VALUE>
  </Table>
  <Table>
    <CODE>2504</CODE>
    <VALUE>玉溪市</VALUE>
  </Table>
  <Table>
    <CODE>2505</CODE>
    <VALUE>大理市</VALUE>
  </Table>
  <Table>
    <CODE>2506</CODE>
    <VALUE>丽江市</VALUE>
  </Table>
  <Table>
    <CODE>2507</CODE>
    <VALUE>蒙自市</VALUE>
  </Table>
  <Table>
    <CODE>2508</CODE>
    <VALUE>开远市</VALUE>
  </Table>
  <Table>
    <CODE>2509</CODE>
    <VALUE>个旧市</VALUE>
  </Table>
  <Table>
    <CODE>2510</CODE>
    <VALUE>红河州市</VALUE>
  </Table>
  <Table>
    <CODE>2903</CODE>
    <VALUE>石嘴山市</VALUE>
  </Table>
  <Table>
    <CODE>2003</CODE>
    <VALUE>咸阳市</VALUE>
  </Table>
  <Table>
    <CODE>2004</CODE>
    <VALUE>宝鸡市</VALUE>
  </Table>
  <Table>
    <CODE>2005</CODE>
    <VALUE>铜川市</VALUE>
  </Table>
  <Table>
    <CODE>2006</CODE>
    <VALUE>延安市</VALUE>
  </Table>
  <Table>
    <CODE>2703</CODE>
    <VALUE>金昌市</VALUE>
  </Table>
  <Table>
    <CODE>1215</CODE>
    <VALUE>枣庄市</VALUE>
  </Table>
  <Table>
    <CODE>2604</CODE>
    <VALUE>六盘水</VALUE>
  </Table>
  <Table>
    <CODE>2605</CODE>
    <VALUE>安顺</VALUE>
  </Table>
  <Table>
    <CODE>2606</CODE>
    <VALUE>铜仁</VALUE>
  </Table>
  <Table>
    <CODE>2607</CODE>
    <VALUE>毕节</VALUE>
  </Table>
  <Table>
    <CODE>2608</CODE>
    <VALUE>黔西南</VALUE>
  </Table>
  <Table>
    <CODE>2609</CODE>
    <VALUE>黔东南</VALUE>
  </Table>
  <Table>
    <CODE>2610</CODE>
    <VALUE>黔南</VALUE>
  </Table>
  <Table>
    <CODE>1216</CODE>
    <VALUE>聊城市</VALUE>
  </Table>
  <Table>
    <CODE>1304</CODE>
    <VALUE>上饶市</VALUE>
  </Table>
  <Table>
    <CODE>1305</CODE>
    <VALUE>宜春市</VALUE>
  </Table>
  <Table>
    <CODE>0325</CODE>
    <VALUE>阳江市</VALUE>
  </Table>
  <Table>
    <CODE>0715</CODE>
    <VALUE>溧水县</VALUE>
  </Table>
  <Table>
    <CODE>0716</CODE>
    <VALUE>高淳县</VALUE>
  </Table>
  <Table>
    <CODE>0717</CODE>
    <VALUE>淮安市</VALUE>
  </Table>
  <Table>
    <CODE>0718</CODE>
    <VALUE>泰州市</VALUE>
  </Table>
  <Table>
    <CODE>0719</CODE>
    <VALUE>宿迁市</VALUE>
  </Table>
  <Table>
    <CODE>0720</CODE>
    <VALUE>吴江市</VALUE>
  </Table>
  <Table>
    <CODE>0911</CODE>
    <VALUE>广元市</VALUE>
  </Table>
  <Table>
    <CODE>0912</CODE>
    <VALUE>遂宁市</VALUE>
  </Table>
  <Table>
    <CODE>0913</CODE>
    <VALUE>南充市</VALUE>
  </Table>
  <Table>
    <CODE>0914</CODE>
    <VALUE>广安市</VALUE>
  </Table>
  <Table>
    <CODE>0915</CODE>
    <VALUE>达州市</VALUE>
  </Table>
  <Table>
    <CODE>0916</CODE>
    <VALUE>眉山市</VALUE>
  </Table>
  <Table>
    <CODE>0917</CODE>
    <VALUE>雅安市</VALUE>
  </Table>
  <Table>
    <CODE>0918</CODE>
    <VALUE>巴中市</VALUE>
  </Table>
  <Table>
    <CODE>0919</CODE>
    <VALUE>资阳市</VALUE>
  </Table>
  <Table>
    <CODE>0920</CODE>
    <VALUE>阿坝州</VALUE>
  </Table>
  <Table>
    <CODE>0921</CODE>
    <VALUE>甘孜州</VALUE>
  </Table>
  <Table>
    <CODE>0922</CODE>
    <VALUE>凉山州</VALUE>
  </Table>
  <Table>
    <CODE>1217</CODE>
    <VALUE>菏泽市</VALUE>
  </Table>
  <Table>
    <CODE>1306</CODE>
    <VALUE>景德镇市</VALUE>
  </Table>
  <Table>
    <CODE>1307</CODE>
    <VALUE>萍乡市</VALUE>
  </Table>
  <Table>
    <CODE>1308</CODE>
    <VALUE>鹰潭市</VALUE>
  </Table>
  <Table>
    <CODE>1309</CODE>
    <VALUE>赣州市</VALUE>
  </Table>
  <Table>
    <CODE>1310</CODE>
    <VALUE>吉安市</VALUE>
  </Table>
  <Table>
    <CODE>1311</CODE>
    <VALUE>抚州市</VALUE>
  </Table>
  <Table>
    <CODE>1406</CODE>
    <VALUE>防城港市</VALUE>
  </Table>
  <Table>
    <CODE>1407</CODE>
    <VALUE>崇左市</VALUE>
  </Table>
  <Table>
    <CODE>1408</CODE>
    <VALUE>来宾市</VALUE>
  </Table>
  <Table>
    <CODE>1409</CODE>
    <VALUE>梧州市</VALUE>
  </Table>
  <Table>
    <CODE>1410</CODE>
    <VALUE>贺州市</VALUE>
  </Table>
  <Table>
    <CODE>1411</CODE>
    <VALUE>玉林市</VALUE>
  </Table>
  <Table>
    <CODE>1412</CODE>
    <VALUE>贵港市</VALUE>
  </Table>
  <Table>
    <CODE>1413</CODE>
    <VALUE>百色市</VALUE>
  </Table>
  <Table>
    <CODE>1414</CODE>
    <VALUE>河池市</VALUE>
  </Table>
  <Table>
    <CODE>1516</CODE>
    <VALUE>亳州市</VALUE>
  </Table>
  <Table>
    <CODE>1517</CODE>
    <VALUE>淮北市</VALUE>
  </Table>
  <Table>
    <CODE>1518</CODE>
    <VALUE>宿州市</VALUE>
  </Table>
  <Table>
    <CODE>1607</CODE>
    <VALUE>邯郸市</VALUE>
  </Table>
  <Table>
    <CODE>1608</CODE>
    <VALUE>承德市</VALUE>
  </Table>
  <Table>
    <CODE>1609</CODE>
    <VALUE>沧州市</VALUE>
  </Table>
  <Table>
    <CODE>1610</CODE>
    <VALUE>衡水市</VALUE>
  </Table>
  <Table>
    <CODE>1611</CODE>
    <VALUE>邢台市</VALUE>
  </Table>
  <Table>
    <CODE>1612</CODE>
    <VALUE>张家口市</VALUE>
  </Table>
  <Table>
    <CODE>1705</CODE>
    <VALUE>平顶山市</VALUE>
  </Table>
  <Table>
    <CODE>1706</CODE>
    <VALUE>焦作市</VALUE>
  </Table>
  <Table>
    <CODE>1707</CODE>
    <VALUE>鹤壁市</VALUE>
  </Table>
  <Table>
    <CODE>1708</CODE>
    <VALUE>新乡市</VALUE>
  </Table>
  <Table>
    <CODE>1709</CODE>
    <VALUE>安阳市</VALUE>
  </Table>
  <Table>
    <CODE>1710</CODE>
    <VALUE>濮阳市</VALUE>
  </Table>
  <Table>
    <CODE>1711</CODE>
    <VALUE>许昌市</VALUE>
  </Table>
  <Table>
    <CODE>1712</CODE>
    <VALUE>漯河市</VALUE>
  </Table>
  <Table>
    <CODE>1713</CODE>
    <VALUE>三门峡市</VALUE>
  </Table>
  <Table>
    <CODE>1714</CODE>
    <VALUE>南阳市</VALUE>
  </Table>
  <Table>
    <CODE>1715</CODE>
    <VALUE>商丘市</VALUE>
  </Table>
  <Table>
    <CODE>1716</CODE>
    <VALUE>信阳市</VALUE>
  </Table>
  <Table>
    <CODE>1717</CODE>
    <VALUE>周口市</VALUE>
  </Table>
  <Table>
    <CODE>1718</CODE>
    <VALUE>驻马店市</VALUE>
  </Table>
  <Table>
    <CODE>1719</CODE>
    <VALUE>济源市</VALUE>
  </Table>
  <Table>
    <CODE>1811</CODE>
    <VALUE>黄冈市</VALUE>
  </Table>
  <Table>
    <CODE>1812</CODE>
    <VALUE>咸宁市</VALUE>
  </Table>
  <Table>
    <CODE>1813</CODE>
    <VALUE>随州市</VALUE>
  </Table>
  <Table>
    <CODE>1814</CODE>
    <VALUE>潜江市</VALUE>
  </Table>
  <Table>
    <CODE>1815</CODE>
    <VALUE>仙桃市</VALUE>
  </Table>
  <Table>
    <CODE>1816</CODE>
    <VALUE>天门市</VALUE>
  </Table>
  <Table>
    <CODE>1817</CODE>
    <VALUE>神农架林区</VALUE>
  </Table>
  <Table>
    <CODE>1916</CODE>
    <VALUE>湘西土家族苗族自治州</VALUE>
  </Table>
  <Table>
    <CODE>2008</CODE>
    <VALUE>渭南市</VALUE>
  </Table>
  <Table>
    <CODE>2009</CODE>
    <VALUE>汉中市</VALUE>
  </Table>
  <Table>
    <CODE>2010</CODE>
    <VALUE>安康市</VALUE>
  </Table>
  <Table>
    <CODE>2011</CODE>
    <VALUE>商洛市</VALUE>
  </Table>
  <Table>
    <CODE>2012</CODE>
    <VALUE>杨凌示范区</VALUE>
  </Table>
  <Table>
    <CODE>3003</CODE>
    <VALUE>日喀则市</VALUE>
  </Table>
  <Table>
    <CODE>2511</CODE>
    <VALUE>保山市</VALUE>
  </Table>
  <Table>
    <CODE>2512</CODE>
    <VALUE>昭通市</VALUE>
  </Table>
  <Table>
    <CODE>2513</CODE>
    <VALUE>思茅市</VALUE>
  </Table>
  <Table>
    <CODE>2514</CODE>
    <VALUE>临沧市</VALUE>
  </Table>
  <Table>
    <CODE>2515</CODE>
    <VALUE>文山州</VALUE>
  </Table>
  <Table>
    <CODE>2516</CODE>
    <VALUE>西双版纳州</VALUE>
  </Table>
  <Table>
    <CODE>2517</CODE>
    <VALUE>楚雄州</VALUE>
  </Table>
  <Table>
    <CODE>2518</CODE>
    <VALUE>德宏州</VALUE>
  </Table>
  <Table>
    <CODE>2519</CODE>
    <VALUE>怒江州</VALUE>
  </Table>
  <Table>
    <CODE>2520</CODE>
    <VALUE>迪庆州</VALUE>
  </Table>
  <Table>
    <CODE>2106</CODE>
    <VALUE>阳泉市</VALUE>
  </Table>
  <Table>
    <CODE>2107</CODE>
    <VALUE>长治市</VALUE>
  </Table>
  <Table>
    <CODE>2108</CODE>
    <VALUE>晋城市</VALUE>
  </Table>
  <Table>
    <CODE>2109</CODE>
    <VALUE>朔州市</VALUE>
  </Table>
  <Table>
    <CODE>2110</CODE>
    <VALUE>晋中市</VALUE>
  </Table>
  <Table>
    <CODE>2111</CODE>
    <VALUE>忻州市</VALUE>
  </Table>
  <Table>
    <CODE>2112</CODE>
    <VALUE>吕梁市</VALUE>
  </Table>
  <Table>
    <CODE>2209</CODE>
    <VALUE>鹤岗市</VALUE>
  </Table>
  <Table>
    <CODE>2210</CODE>
    <VALUE>双鸭山市</VALUE>
  </Table>
  <Table>
    <CODE>2211</CODE>
    <VALUE>鸡西市</VALUE>
  </Table>
  <Table>
    <CODE>2212</CODE>
    <VALUE>七台河市</VALUE>
  </Table>
  <Table>
    <CODE>2213</CODE>
    <VALUE>黑河市</VALUE>
  </Table>
  <Table>
    <CODE>2214</CODE>
    <VALUE>大兴安岭地区</VALUE>
  </Table>
  <Table>
    <CODE>2313</CODE>
    <VALUE>盘锦市</VALUE>
  </Table>
  <Table>
    <CODE>2314</CODE>
    <VALUE>阜新市</VALUE>
  </Table>
  <Table>
    <CODE>2315</CODE>
    <VALUE>朝阳市</VALUE>
  </Table>
  <Table>
    <CODE>2406</CODE>
    <VALUE>四平市</VALUE>
  </Table>
  <Table>
    <CODE>2407</CODE>
    <VALUE>白山市</VALUE>
  </Table>
  <Table>
    <CODE>2408</CODE>
    <VALUE>松原市</VALUE>
  </Table>
  <Table>
    <CODE>2409</CODE>
    <VALUE>白城市</VALUE>
  </Table>
  <Table>
    <CODE>2410</CODE>
    <VALUE>延边朝鲜族自治州</VALUE>
  </Table>
  <Table>
    <CODE>2704</CODE>
    <VALUE>白银市</VALUE>
  </Table>
  <Table>
    <CODE>2705</CODE>
    <VALUE>天水市</VALUE>
  </Table>
  <Table>
    <CODE>2706</CODE>
    <VALUE>武威市</VALUE>
  </Table>
  <Table>
    <CODE>2707</CODE>
    <VALUE>张掖市</VALUE>
  </Table>
  <Table>
    <CODE>2708</CODE>
    <VALUE>酒泉市</VALUE>
  </Table>
  <Table>
    <CODE>2709</CODE>
    <VALUE>平凉市</VALUE>
  </Table>
  <Table>
    <CODE>2710</CODE>
    <VALUE>庆阳市</VALUE>
  </Table>
  <Table>
    <CODE>2711</CODE>
    <VALUE>定西市</VALUE>
  </Table>
  <Table>
    <CODE>2712</CODE>
    <VALUE>陇南市</VALUE>
  </Table>
  <Table>
    <CODE>2713</CODE>
    <VALUE>临夏回族自治州</VALUE>
  </Table>
  <Table>
    <CODE>2714</CODE>
    <VALUE>甘南藏族自治州</VALUE>
  </Table>
  <Table>
    <CODE>2805</CODE>
    <VALUE>乌海市</VALUE>
  </Table>
  <Table>
    <CODE>2806</CODE>
    <VALUE>通辽市</VALUE>
  </Table>
  <Table>
    <CODE>2807</CODE>
    <VALUE>鄂尔多斯市</VALUE>
  </Table>
  <Table>
    <CODE>2808</CODE>
    <VALUE>呼伦贝尔市</VALUE>
  </Table>
  <Table>
    <CODE>2809</CODE>
    <VALUE>巴彦淖尔市</VALUE>
  </Table>
  <Table>
    <CODE>2810</CODE>
    <VALUE>乌兰察布市</VALUE>
  </Table>
  <Table>
    <CODE>2811</CODE>
    <VALUE>锡林郭勒盟</VALUE>
  </Table>
  <Table>
    <CODE>2812</CODE>
    <VALUE>兴安盟</VALUE>
  </Table>
  <Table>
    <CODE>2813</CODE>
    <VALUE>阿拉善盟</VALUE>
  </Table>
  <Table>
    <CODE>2904</CODE>
    <VALUE>吴忠市</VALUE>
  </Table>
  <Table>
    <CODE>2905</CODE>
    <VALUE>固原市</VALUE>
  </Table>
  <Table>
    <CODE>2906</CODE>
    <VALUE>中卫市</VALUE>
  </Table>
  <Table>
    <CODE>3210</CODE>
    <VALUE>昌吉回族自治州</VALUE>
  </Table>
  <Table>
    <CODE>3212</CODE>
    <VALUE>伊犁哈萨克自治州</VALUE>
  </Table>
  <Table>
    <CODE>3506</CODE>
    <VALUE>新竹市</VALUE>
  </Table>
  <Table>
    <CODE>3507</CODE>
    <VALUE>嘉义市</VALUE>
  </Table>
  <Table>
    <CODE>3204</CODE>
    <VALUE>海北藏族自治州</VALUE>
  </Table>
  <Table>
    <CODE>3207</CODE>
    <VALUE>果洛藏族自治州</VALUE>
  </Table>
</NewDataSet>
