<NewDataSet>
  <Table>
    <CODE>-1</CODE>
    <VALUE>不限</VALUE>
  </Table>
  <Table>
    <CODE>0</CODE>
    <VALUE>面议</VALUE>
  </Table>
  <Table>
    <CODE>1</CODE>
    <VALUE>1500元以下</VALUE>
  </Table>
  <Table>
    <CODE>2</CODE>
    <VALUE>2000-2999元</VALUE>
  </Table>
  <Table>
    <CODE>3</CODE>
    <VALUE>3000-4499元</VALUE>
  </Table>
  <Table>
    <CODE>4</CODE>
    <VALUE>4500-5999元</VALUE>
  </Table>
  <Table>
    <CODE>5</CODE>
    <VALUE>6000-7999元</VALUE>
  </Table>
  <Table>
    <CODE>6</CODE>
    <VALUE>8000-9999元</VALUE>
  </Table>
  <Table>
    <CODE>7</CODE>
    <VALUE>10000-14999元</VALUE>
  </Table>
  <Table>
    <CODE>8</CODE>
    <VALUE>15000-19999元</VALUE>
  </Table>
  <Table>
    <CODE>9</CODE>
    <VALUE>20000-29999元</VALUE>
  </Table>
  <Table>
    <CODE>10</CODE>
    <VALUE>30000-49999</VALUE>
  </Table>
  <Table>
    <CODE>11</CODE>
    <VALUE>50000元及以上</VALUE>
  </Table>
</NewDataSet>
