<NewDataSet> 
  <Table>
    <CODE>-1</CODE>
    <VALUE>不限</VALUE>
  </Table>
  <Table>
    <CODE>10</CODE>
    <VALUE>初中</VALUE>
  </Table>
  <Table>
    <CODE>20</CODE>
    <VALUE>高中</VALUE>
  </Table>
  <Table>
    <CODE>25</CODE>
    <VALUE>中技</VALUE>
  </Table>
  <Table>
    <CODE>25</CODE>
    <VALUE>中专</VALUE>
  </Table>
  <Table>
    <CODE>40</CODE>
    <VALUE>大专</VALUE>
  </Table>
  <Table>
    <CODE>50</CODE>
    <VALUE>本科</VALUE>
  </Table>
  <Table>
    <CODE>55</CODE>
    <VALUE>MBA</VALUE>
  </Table>
  <Table>
    <CODE>60</CODE>
    <VALUE>硕士</VALUE>
  </Table>
  <Table>
    <CODE>70</CODE>
    <VALUE>博士</VALUE>
  </Table>
  <Table>
    <CODE>80</CODE>
    <VALUE>其他</VALUE>
  </Table>
</NewDataSet>
