<NewDataSet> 
  <Table1>
    <CODE>100</CODE>
    <VALUE>内科</VALUE>
  </Table1>
  <Table1>
    <CODE>1002</CODE>
    <VALUE>消化内科</VALUE>
  </Table1>
  <Table1>
    <CODE>1010</CODE>
    <VALUE>血液内科</VALUE>
  </Table1>
  <Table1>
    <CODE>1012</CODE>
    <VALUE>呼吸内科</VALUE>
  </Table1>
  <Table1>
    <CODE>1014</CODE>
    <VALUE>肾脏内科</VALUE>
  </Table1>
  <Table1>
    <CODE>1024</CODE>
    <VALUE>心脑/血管内科</VALUE>
  </Table1>
  <Table1>
    <CODE>1801</CODE>
    <VALUE>普通内科</VALUE>
  </Table1>
  <Table1>
    <CODE>1802</CODE>
    <VALUE>神经内科</VALUE>
  </Table1>
  <Table1>
    <CODE>103</CODE>
    <VALUE>五官科</VALUE>
  </Table1>
  <Table1>
    <CODE>1007</CODE>
    <VALUE>口腔科</VALUE>
  </Table1>
  <Table1>
    <CODE>1016</CODE>
    <VALUE>眼科</VALUE>
  </Table1>
  <Table1>
    <CODE>1025</CODE>
    <VALUE>耳鼻喉科</VALUE>
  </Table1>
  <Table1>
    <CODE>109</CODE>
    <VALUE>其他科室</VALUE>
  </Table1>
  <Table1>
    <CODE>1003</CODE>
    <VALUE>妇产科</VALUE>
  </Table1>
  <Table1>
    <CODE>1004</CODE>
    <VALUE>内分泌及免疫</VALUE>
  </Table1>
  <Table1>
    <CODE>1009</CODE>
    <VALUE>皮肤科</VALUE>
  </Table1>
  <Table1>
    <CODE>1013</CODE>
    <VALUE>精神科</VALUE>
  </Table1>
  <Table1>
    <CODE>1015</CODE>
    <VALUE>儿科</VALUE>
  </Table1>
  <Table1>
    <CODE>1017</CODE>
    <VALUE>性病科</VALUE>
  </Table1>
  <Table1>
    <CODE>1020</CODE>
    <VALUE>麻醉科</VALUE>
  </Table1>
  <Table1>
    <CODE>1021</CODE>
    <VALUE>骨科</VALUE>
  </Table1>
  <Table1>
    <CODE>1022</CODE>
    <VALUE>器官移植</VALUE>
  </Table1>
  <Table1>
    <CODE>1023</CODE>
    <VALUE>传染科</VALUE>
  </Table1>
  <Table1>
    <CODE>1026</CODE>
    <VALUE>肿瘤科</VALUE>
  </Table1>
  <Table1>
    <CODE>1028</CODE>
    <VALUE>心理医生</VALUE>
  </Table1>
  <Table1>
    <CODE>1030</CODE>
    <VALUE>不孕不育</VALUE>
  </Table1>
  <Table1>
    <CODE>1032</CODE>
    <VALUE>介入诊疗</VALUE>
  </Table1>
  <Table1>
    <CODE>1033</CODE>
    <VALUE>重症医学ICU</VALUE>
  </Table1>
  <Table1>
    <CODE>1034</CODE>
    <VALUE>中医科</VALUE>
  </Table1>
  <Table1>
    <CODE>1035</CODE>
    <VALUE>急诊科</VALUE>
  </Table1>
  <Table1>
    <CODE>1037</CODE>
    <VALUE>烧伤科</VALUE>
  </Table1>
  <Table1>
    <CODE>1038</CODE>
    <VALUE>营养科</VALUE>
  </Table1>
  <Table1>
    <CODE>1039</CODE>
    <VALUE>康复科</VALUE>
  </Table1>
  <Table1>
    <CODE>1041</CODE>
    <VALUE>体检中心</VALUE>
  </Table1>
  <Table1>
    <CODE>1042</CODE>
    <VALUE>临床应用研究</VALUE>
  </Table1>
  <Table1>
    <CODE>1043</CODE>
    <VALUE>宠物医生</VALUE>
  </Table1>
  <Table1>
    <CODE>1045</CODE>
    <VALUE>肛肠科</VALUE>
  </Table1>
  <Table1>
    <CODE>1048</CODE>
    <VALUE>全科医生</VALUE>
  </Table1>
  <Table1>
    <CODE>1049</CODE>
    <VALUE>公共卫生</VALUE>
  </Table1>
  <Table1>
    <CODE>1099</CODE>
    <VALUE>其它</VALUE>
  </Table1>
  <Table1>
    <CODE>2030</CODE>
    <VALUE>针炙推拿</VALUE>
  </Table1>
  <Table1>
    <CODE>2040</CODE>
    <VALUE>疼痛科</VALUE>
  </Table1>
  <Table1>
    <CODE>2050</CODE>
    <VALUE>中西医结合</VALUE>
  </Table1>
  <Table1>
    <CODE>2060</CODE>
    <VALUE>临床医学应届生</VALUE>
  </Table1>
  <Table1>
    <CODE>1006</CODE>
    <VALUE>外科</VALUE>
  </Table1>
  <Table1>
    <CODE>1011</CODE>
    <VALUE>泌尿外科</VALUE>
  </Table1>
  <Table1>
    <CODE>1810</CODE>
    <VALUE>普通外科</VALUE>
  </Table1>
  <Table1>
    <CODE>1820</CODE>
    <VALUE>肝胆外科</VALUE>
  </Table1>
  <Table1>
    <CODE>1830</CODE>
    <VALUE>手足外科</VALUE>
  </Table1>
  <Table1>
    <CODE>1840</CODE>
    <VALUE>心胸血管外科</VALUE>
  </Table1>
  <Table1>
    <CODE>1850</CODE>
    <VALUE>神经外科</VALUE>
  </Table1>
  <Table1>
    <CODE>1018</CODE>
    <VALUE>整形/美容</VALUE>
  </Table1>
  <Table1>
    <CODE>1860</CODE>
    <VALUE>整形外科</VALUE>
  </Table1>
  <Table1>
    <CODE>1870</CODE>
    <VALUE>注射整形</VALUE>
  </Table1>
  <Table1>
    <CODE>1880</CODE>
    <VALUE>激光整形</VALUE>
  </Table1>
  <Table1>
    <CODE>1890</CODE>
    <VALUE>皮肤美容</VALUE>
  </Table1>
  <Table1>
    <CODE>2000</CODE>
    <VALUE>中医美容</VALUE>
  </Table1>
  <Table1>
    <CODE>2010</CODE>
    <VALUE>纹绣师</VALUE>
  </Table1>
  <Table1>
    <CODE>2020</CODE>
    <VALUE>美容师</VALUE>
  </Table1>
  <Table1>
    <CODE>1029</CODE>
    <VALUE>护理类</VALUE>
  </Table1>
  <Table1>
    <CODE>2080</CODE>
    <VALUE>护理部主任</VALUE>
  </Table1>
  <Table1>
    <CODE>2090</CODE>
    <VALUE>护士长</VALUE>
  </Table1>
  <Table1>
    <CODE>2100</CODE>
    <VALUE>护士</VALUE>
  </Table1>
  <Table1>
    <CODE>2110</CODE>
    <VALUE>护工</VALUE>
  </Table1>
  <Table1>
    <CODE>2120</CODE>
    <VALUE>导医</VALUE>
  </Table1>
  <Table1>
    <CODE>1200</CODE>
    <VALUE>医疗器械</VALUE>
  </Table1>
  <Table1>
    <CODE>1001</CODE>
    <VALUE>高级管理</VALUE>
  </Table1>
  <Table1>
    <CODE>1202</CODE>
    <VALUE>生产管理</VALUE>
  </Table1>
  <Table1>
    <CODE>1204</CODE>
    <VALUE>产品设计人员</VALUE>
  </Table1>
  <Table1>
    <CODE>1205</CODE>
    <VALUE>生产制造人员</VALUE>
  </Table1>
  <Table1>
    <CODE>1206</CODE>
    <VALUE>品质管理</VALUE>
  </Table1>
  <Table1>
    <CODE>1207</CODE>
    <VALUE>物料管理</VALUE>
  </Table1>
  <Table1>
    <CODE>1208</CODE>
    <VALUE>技工/普工</VALUE>
  </Table1>
  <Table1>
    <CODE>1299</CODE>
    <VALUE>其它</VALUE>
  </Table1>
  <Table1>
    <CODE>1400</CODE>
    <VALUE>管理类</VALUE>
  </Table1>
  <Table1>
    <CODE>1499</CODE>
    <VALUE>其它</VALUE>
  </Table1>
  <Table1>
    <CODE>2130</CODE>
    <VALUE>总经理</VALUE>
  </Table1>
  <Table1>
    <CODE>2140</CODE>
    <VALUE>业务院长</VALUE>
  </Table1>
  <Table1>
    <CODE>2150</CODE>
    <VALUE>经营院长</VALUE>
  </Table1>
  <Table1>
    <CODE>2160</CODE>
    <VALUE>行政院长</VALUE>
  </Table1>
  <Table1>
    <CODE>2170</CODE>
    <VALUE>办公室主任</VALUE>
  </Table1>
  <Table1>
    <CODE>2180</CODE>
    <VALUE>医务科</VALUE>
  </Table1>
  <Table1>
    <CODE>1500</CODE>
    <VALUE>医学院校/协会/机构</VALUE>
  </Table1>
  <Table1>
    <CODE>1501</CODE>
    <VALUE>教学管理人员</VALUE>
  </Table1>
  <Table1>
    <CODE>1502</CODE>
    <VALUE>教师</VALUE>
  </Table1>
  <Table1>
    <CODE>1503</CODE>
    <VALUE>讲师</VALUE>
  </Table1>
  <Table1>
    <CODE>1504</CODE>
    <VALUE>助教</VALUE>
  </Table1>
  <Table1>
    <CODE>1505</CODE>
    <VALUE>行政管理</VALUE>
  </Table1>
  <Table1>
    <CODE>1506</CODE>
    <VALUE>专家学者</VALUE>
  </Table1>
  <Table1>
    <CODE>1507</CODE>
    <VALUE>医学认证/评测</VALUE>
  </Table1>
  <Table1>
    <CODE>1599</CODE>
    <VALUE>其它</VALUE>
  </Table1>
  <Table1>
    <CODE>9910</CODE>
    <VALUE>司法鉴定</VALUE>
  </Table1>
  <Table1>
    <CODE>1600</CODE>
    <VALUE>医技类</VALUE>
  </Table1>
  <Table1>
    <CODE>1008</CODE>
    <VALUE>放射科</VALUE>
  </Table1>
  <Table1>
    <CODE>1019</CODE>
    <VALUE>检验科</VALUE>
  </Table1>
  <Table1>
    <CODE>1027</CODE>
    <VALUE>超声科</VALUE>
  </Table1>
  <Table1>
    <CODE>1031</CODE>
    <VALUE>药剂科</VALUE>
  </Table1>
  <Table1>
    <CODE>1040</CODE>
    <VALUE>放疗科</VALUE>
  </Table1>
  <Table1>
    <CODE>1044</CODE>
    <VALUE>病理科</VALUE>
  </Table1>
  <Table1>
    <CODE>2070</CODE>
    <VALUE>心电图</VALUE>
  </Table1>
  <Table1>
    <CODE>9900</CODE>
    <VALUE>其它</VALUE>
  </Table1>
  <Table1>
    <CODE>1401</CODE>
    <VALUE>行政/人力资源/培训</VALUE>
  </Table1>
  <Table1>
    <CODE>1402</CODE>
    <VALUE>财务/审(统)计</VALUE>
  </Table1>
  <Table1>
    <CODE>1403</CODE>
    <VALUE>市场营销/销售类</VALUE>
  </Table1>
  <Table1>
    <CODE>1404</CODE>
    <VALUE>病案(图书)管理</VALUE>
  </Table1>
  <Table1>
    <CODE>1405</CODE>
    <VALUE>文职/秘书类</VALUE>
  </Table1>
  <Table1>
    <CODE>1406</CODE>
    <VALUE>推广/企划</VALUE>
  </Table1>
  <Table1>
    <CODE>1407</CODE>
    <VALUE>采购/物料控制/物流</VALUE>
  </Table1>
  <Table1>
    <CODE>1408</CODE>
    <VALUE>计算机(IT)类</VALUE>
  </Table1>
  <Table1>
    <CODE>1409</CODE>
    <VALUE>后勤保障类</VALUE>
  </Table1>
  <Table1>
    <CODE>2190</CODE>
    <VALUE>咨询</VALUE>
  </Table1>
  <Table1>
    <CODE>2200</CODE>
    <VALUE>客服</VALUE>
  </Table1>
  <Table1>
    <CODE>9999</CODE>
    <VALUE>其它</VALUE>
  </Table1>
</NewDataSet>
