<?xml version="1.0" encoding="UTF-8"?>
<beans xmlns:xsi="http://www.w3.org/2001/XMLSchema-instance"
	xmlns="http://www.springframework.org/schema/beans"
	xmlns:elasticsearch="http://www.pilato.fr/schema/elasticsearch"
	xmlns:util="http://www.springframework.org/schema/util" xmlns:context="http://www.springframework.org/schema/context"
	xsi:schemaLocation="
        http://www.springframework.org/schema/util http://www.springframework.org/schema/util/spring-util-4.2.xsd
        http://www.springframework.org/schema/beans http://www.springframework.org/schema/beans/spring-beans-4.2.xsd
        http://www.springframework.org/schema/context http://www.springframework.org/schema/context/spring-context-4.2.xsd
        http://www.pilato.fr/schema/elasticsearch http://www.pilato.fr/schema/elasticsearch/elasticsearch-0.3.xsd">

    <util:properties id="job51Props"
		location="classpath:properties/job51.properties" />
	
	<util:properties id="jobYLRCProps"
		location="classpath:properties/jobYLRC.properties" />

	<util:properties id="elasticsearchProps"
		location="classpath:properties/elasticsearch.properties" />

	<util:properties id="jedisConfig"
		location="classpath:properties/redis.properties" />

	<util:properties id="c3p0DataSource"
		location="classpath:properties/jdbc.properties" />

	<util:properties id="serverConstants"
		location="classpath:properties/server-constants.properties" />

	<util:properties id="dubboConfig"
		location="classpath:properties/dubbo-config.properties" />
	
	<util:properties id="mongodbDataSource"
		location="classpath:properties/mongodb.properties" />
	
	<util:properties id="hyCasConfig"
		location="classpath:properties/hy-cas.properties" />

	<util:properties id="mailConfig"
		location="classpath:properties/external.mail.properties" />

	<util:properties id="kafkaProps"
		location="classpath:properties/kafka-config.properties" />

	<util:properties id="pamapConfig"
		location="classpath:properties/pamap-config.properties"></util:properties>
    
    <bean id="messageSource" class="org.springframework.context.support.ReloadableResourceBundleMessageSource">  
        <property name="defaultEncoding" value="utf-8" />  
        <property name="useCodeAsDefaultMessage" value="true" />  
        <property name="cacheSeconds" value="30"></property>  
        <property name="basenames">  
            <list>  
                <value>classpath:properties/message</value>  
            </list>  
        </property>  
    </bean>
</beans>
