<?xml version="1.0" encoding="UTF-8"?>
<beans xmlns="http://www.springframework.org/schema/beans"
	xmlns:xsi="http://www.w3.org/2001/XMLSchema-instance" xmlns:aop="http://www.springframework.org/schema/aop"
	xmlns:tx="http://www.springframework.org/schema/tx" xmlns:util="http://www.springframework.org/schema/util"
	xsi:schemaLocation="
        http://www.springframework.org/schema/beans http://www.springframework.org/schema/beans/spring-beans-4.2.xsd
        http://www.springframework.org/schema/tx http://www.springframework.org/schema/tx/spring-tx-4.2.xsd
        http://www.springframework.org/schema/util http://www.springframework.org/schema/util/spring-util-4.2.xsd
        http://www.springframework.org/schema/aop http://www.springframework.org/schema/aop/spring-aop-4.2.xsd">
	<!-- <import resource="classpath:/spring/application-beans.xml" /> -->
	<bean id="dataSourceSlave" class="com.mchange.v2.c3p0.ComboPooledDataSource"
		destroy-method="close">
		<property name="properties">
			<bean class="com.wanjia.common.datasource.C3P0DatasourcePropertiesFactory"
				factory-method="getProperties">
				<constructor-arg type="java.lang.String">
					<value>#{c3p0DataSource['mysql.slave.jdbc.pwd']}</value>
				</constructor-arg>
				<constructor-arg type="java.lang.String">
					<value>#{c3p0DataSource['authKey']}</value>
				</constructor-arg>
				<constructor-arg type="java.lang.String">
					<value>#{c3p0DataSource['encrypted']}</value>
				</constructor-arg>
			</bean>
		</property>
		<property name="driverClass" value="#{c3p0DataSource['mysql.slave.jdbc.driverClassName']}" />
		<property name="jdbcUrl" value="#{c3p0DataSource['mysql.slave.jdbc.databaseurl']}" />
		<property name="user" value="#{c3p0DataSource['mysql.slave.jdbc.username']}" />
		<!-- <property name="password" value="#{c3p0DataSource['mysql.slave.jdbc.pwd']}" /> -->
		<property name="autoCommitOnClose" value="#{c3p0DataSource['mysql.slave.jdbc.autoCommitOnClose']}" />
		<property name="initialPoolSize" value="#{c3p0DataSource['mysql.slave.jdbc.initialPoolSize']}" />
		<property name="minPoolSize" value="#{c3p0DataSource['mysql.slave.jdbc.minPoolSize']}" />
		<property name="maxPoolSize" value="#{c3p0DataSource['mysql.slave.jdbc.maxPoolSize']}" />
		<property name="acquireIncrement" value="#{c3p0DataSource['mysql.slave.jdbc.acquireIncrement']}" />
		<property name="maxIdleTime" value="#{c3p0DataSource['mysql.slave.jdbc.maxIdleTime']}" />
	</bean>
	
	<bean id="dataSourceMaster" class="com.mchange.v2.c3p0.ComboPooledDataSource"
		destroy-method="close">
		<property name="properties">
			<bean class="com.wanjia.common.datasource.C3P0DatasourcePropertiesFactory"
				factory-method="getProperties">
				<constructor-arg type="java.lang.String">
					<value>#{c3p0DataSource['mysql.master.jdbc.pwd']}</value>
				</constructor-arg>
				<constructor-arg type="java.lang.String">
					<value>#{c3p0DataSource['authKey']}</value>
				</constructor-arg>
				<constructor-arg type="java.lang.String">
					<value>#{c3p0DataSource['encrypted']}</value>
				</constructor-arg>
			</bean>
		</property>
		<property name="driverClass" value="#{c3p0DataSource['mysql.master.jdbc.driverClassName']}" />
		<property name="jdbcUrl" value="#{c3p0DataSource['mysql.master.jdbc.databaseurl']}" />
		<property name="user" value="#{c3p0DataSource['mysql.master.jdbc.username']}" />
		<!-- <property name="password" value="#{c3p0DataSource['mysql.master.jdbc.pwd']}" /> -->
		<property name="autoCommitOnClose" value="#{c3p0DataSource['mysql.master.jdbc.autoCommitOnClose']}" />
		<property name="initialPoolSize" value="#{c3p0DataSource['mysql.master.jdbc.initialPoolSize']}" />
		<property name="minPoolSize" value="#{c3p0DataSource['mysql.master.jdbc.minPoolSize']}" />
		<property name="maxPoolSize" value="#{c3p0DataSource['mysql.master.jdbc.maxPoolSize']}" />
		<property name="acquireIncrement" value="#{c3p0DataSource['mysql.master.jdbc.acquireIncrement']}" />
		<property name="maxIdleTime" value="#{c3p0DataSource['mysql.master.jdbc.maxIdleTime']}" />
	</bean>

	<bean id="dynamicDataSource" class="com.wanjia.common.datasource.DynamicDataSource">
            <property name="masterDataSource" ref="dataSourceMaster" />
            <property name="slaveDataSource" ref="dataSourceSlave" />
    </bean>

	<bean id="transactionManager"
		class="com.wanjia.common.datasource.DynamicDataSourceTransactionManager">
		<property name="dataSource" ref="dynamicDataSource" />
	</bean>
	

	<bean id="sqlSessionFactory" class="org.mybatis.spring.SqlSessionFactoryBean">
		<property name="dataSource" ref="dynamicDataSource" />
		<property name="configLocation" value="classpath:mybatis-mysql-config.xml" />

		<property name="mapperLocations">
			<list>
				<value>com/wanjia/dsi/web/*/dao/mapper/*.xml</value>
			</list>
		</property>
		<property name="plugins">
			<array>
				<bean class="com.github.pagehelper.PageHelper">
					<property name="properties">
						<value>
							dialect=hsqldb
						</value>
					</property>
				</bean>
			</array>
		</property>

	</bean>


	<bean id="mysqlMsc" class="org.mybatis.spring.mapper.MapperScannerConfigurer">
		<property name="sqlSessionFactoryBeanName" value="sqlSessionFactory" />
		<property name="basePackage" value="com.wanjia.dsi.**.mapper" />
	</bean>

	<bean id="sqlSessionTemplate" class="org.mybatis.spring.SqlSessionTemplate">
		<constructor-arg index="0" ref="sqlSessionFactory" />
	</bean>

	<!-- ************************************************************************************* 
		AOP transaction configuration(annotation-based approach) ************************************************************************************* -->
	<tx:annotation-driven transaction-manager="transactionManager"
		proxy-target-class="true" />
	<!-- mysql数据源配置end -->
</beans>
	