<?xml version="1.0" encoding="UTF-8"?>
<beans xmlns="http://www.springframework.org/schema/beans"
    xmlns:xsi="http://www.w3.org/2001/XMLSchema-instance"
    xmlns:dubbo="http://code.alibabatech.com/schema/dubbo"
    xsi:schemaLocation="http://www.springframework.org/schema/beans        
    http://www.springframework.org/schema/beans/spring-beans.xsd        
    http://code.alibabatech.com/schema/dubbo        
    http://code.alibabatech.com/schema/dubbo/dubbo.xsd">

    <!-- 调用dubbo服务：短信发送 -->
    <dubbo:reference id="smsClientService" interface="com.wanjia.sms.interior.interfaces.sms.service.SmsClientService" check="false" timeout="10000" >
    	<dubbo:method name="sendSMSByDubbo" timeout="30000" retries="0" />
    </dubbo:reference>
	
	<dubbo:reference id="productApptApi" interface="com.pinganwj.clinic.api.ProductApptApi" check="false" timeout="10000" /> 
	<dubbo:reference id="apptService" interface="com.pinganwj.clinic.api.ApptService" check="false" timeout="10000" />

	<!-- 调用dubbo服务：用户积分 -->
    <dubbo:reference check="false" id="userIntegralLogService" interface="com.wanjia.dsi.integral.service.UserIntegralLogService" timeout="10000"></dubbo:reference>
	<dubbo:reference check="false" id="integralRuleService" interface="com.wanjia.dsi.integral.service.IntegralRuleService" timeout="10000"></dubbo:reference>
	<dubbo:reference check="false" id="integralUserCountService" interface="com.wanjia.dsi.integral.service.IntegralUserCountService" timeout="10000"></dubbo:reference>
	
	<!--调用clinic dubbo服务： 就诊人数据接口 -->
	<dubbo:reference id="treatmentService" interface="com.wanjia.dsi.web.hyPerson.service.TreatmentService" check="false" timeout="10000" />
	
	<!-- 调用clinic dubbo服务 校验验证码是否合法 -->
	<dubbo:reference id="validateCodeDubboService" interface="com.wanjia.dsi.base.message.service.ValidateCodeDubboService" check="false" timeout="10000" />
	
 	<!-- 调用dubbo服务：发送消息 -->
    <dubbo:reference id="messageProducerService" interface="com.wanjia.message.service.MessageProducerService" check="false" timeout="10000"/>
    <dubbo:reference id="messageBusinessService" interface="com.wanjia.message.service.MessageBusinessService" check="false" timeout="10000"/>
    
    <!-- 调用dubbo-es服务 -->
    <dubbo:reference id="elasticsearchClinicService" interface="com.wanjia.dsi.web.elasticsearch.clinic.service.ElasticsearchClinicService" check="false" timeout="10000"/>
    <dubbo:reference id="elasticsearchDoctorService" interface="com.wanjia.dsi.web.elasticsearch.doctor.service.ElasticsearchDoctorService" check="false" timeout="10000"/>
    <dubbo:reference id="elasticSearchCourseService" interface="com.wanjia.dsi.web.elasticsearch.course.ElasticSearchCourseService" check="false" timeout="10000"/>
    <dubbo:reference id="elasticsearchInforService" interface="com.wanjia.dsi.web.elasticsearch.info.service.ElasticsearchInforService" check="false" timeout="10000"/>
	
	<!-- 调用clinic 服务诊所接口  -->
	<dubbo:reference id="clinicService" interface="com.wanjia.dsi.web.clinic.service.ClinicService" check="false" timeout="10000"/>
	
	<!-- 调用datainterface查询产品配置的开始时间和结束时间 -->
	<dubbo:reference id="hyPrdConfigService" interface="com.wanjia.dsi.web.hyPerson.service.product.HyPrdConfigService" /> 
	
	<!-- 云诊所接口 -->
	<dubbo:reference id="ClinicApiService" interface="com.pinganwj.clinic.api.ClinicApiService" check="false" timeout="10000"/>
	
	<dubbo:reference id="hyUserInfoService" interface="com.wanjia.dsi.web.hyPerson.service.HyUserInfoService" check="false" timeout="10000"/>
	
	<dubbo:reference id="clinicInfoApprovalService" interface="com.wanjia.dsi.web.clinic.service.ClinicInfoApprovalService" check="false" timeout="10000"/>
	
	
	<!-- 微信预约成功发消息接口 -->
	<dubbo:reference id="weiXinTempApi" interface="com.pinganwj.clinic.api.WeiXinTempApi" timeout="30000"  check="false"/> 
</beans>
	