<?xml version="1.0" encoding="UTF-8"?>
<beans xmlns="http://www.springframework.org/schema/beans"
	xmlns:xsi="http://www.w3.org/2001/XMLSchema-instance" xmlns:p="http://www.springframework.org/schema/p"
	xmlns:context="http://www.springframework.org/schema/context"
	xmlns:aop="http://www.springframework.org/schema/aop" xmlns:tx="http://www.springframework.org/schema/tx"
	xmlns:dubbo="http://code.alibabatech.com/schema/dubbo"
	xmlns:mvc="http://www.springframework.org/schema/mvc"
	xmlns:jaxws="http://cxf.apache.org/jaxws"  
    xmlns:jaxrs="http://cxf.apache.org/jaxrs"  
	xsi:schemaLocation="http://www.springframework.org/schema/beans
        http://www.springframework.org/schema/beans/spring-beans.xsd
        http://www.springframework.org/schema/context 
        http://www.springframework.org/schema/context/spring-context.xsd
              http://www.springframework.org/schema/aop
      http://www.springframework.org/schema/aop/spring-aop-4.2.xsd
        http://www.springframework.org/schema/tx
        http://www.springframework.org/schema/tx/spring-tx-4.2.xsd
         http://code.alibabatech.com/schema/dubbo          
    http://code.alibabatech.com/schema/dubbo/dubbo.xsd
    http://www.springframework.org/schema/mvc 
    http://www.springframework.org/schema/mvc/spring-mvc-4.2.xsd
    http://cxf.apache.org/jaxws http://cxf.apache.org/schemas/jaxws.xsd  
       http://cxf.apache.org/jaxrs http://cxf.apache.org/schemas/jaxrs.xsd
        ">
      
     <!-- start开启注释 -->
	 <mvc:annotation-driven />
		<context:component-scan base-package="com.wanjia.dsi.web.jobYLRC">
	 </context:component-scan> 
	 
	 <mvc:annotation-driven />
		<context:component-scan base-package="com.job36.mobile">
	 </context:component-scan> 
	
   <!-- 设置密码bean -->     
	<bean id="clientMyPasswordCallback" class="com.job36.mobile.interceptor.ClientMyPasswordCallback"/>
	<!-- 输出拦截器 -->
	<!-- <bean id="outInterceptor" class="org.apache.cxf.ws.security.wss4j.WSS4JOutInterceptor">
         <constructor-arg>
             <map>
                 <entry key="action" value="#{jobYLRCProps['jobYLRC.action']}"/>
                 <entry key="user" value="#{jobYLRCProps['jobYLRC.user']}"/>
                 <entry key="passwordType" value="#{jobYLRCProps['jobYLRC.passwordType']}"/>密码明文
                 <entry key="passwordCallbackRef" value-ref="clientMyPasswordCallback"/>
             </map>
         </constructor-arg>
     </bean> -->
	
	<!-- <jaxws:client id="resumeWebService" serviceClass="com.job36.mobile.webservice.ResumeWebService"
        address="http://58.251.218.9:8040/service/resume">
        <jaxws:outInterceptors>
            <ref bean="outInterceptor"/>
        </jaxws:outInterceptors>
    </jaxws:client>
    
    <jaxws:client id="memInfoWebService" serviceClass="com.job36.mobile.webservice.MemInfoWebService"
        address="http://58.251.218.9:8040/service/member">
        <jaxws:outInterceptors>
            <ref bean="outInterceptor"/>
        </jaxws:outInterceptors>
    </jaxws:client> -->
    
    
    
</beans>