<?xml version="1.0" encoding="UTF-8"?>
<beans xmlns="http://www.springframework.org/schema/beans"
    xmlns:xsi="http://www.w3.org/2001/XMLSchema-instance" 
    xmlns:context="http://www.springframework.org/schema/context"
    xmlns:util="http://www.springframework.org/schema/util"
    xsi:schemaLocation="
        http://www.springframework.org/schema/beans http://www.springframework.org/schema/beans/spring-beans-4.2.xsd
        http://www.springframework.org/schema/util http://www.springframework.org/schema/util/spring-util-4.2.xsd
        http://www.springframework.org/schema/context http://www.springframework.org/schema/context/spring-context-4.2.xsd">


    <!-- Producer begin -->
    <!-- <bean id="kafkaAsyncProducer" class="com.wanjia.common.kafka.KafkaAsyncProducer" init-method="init">
    	<property name="topic" value="#{kafkaProps['p.topic']}"></property>
        <property name="metadataBrokerList" value="#{kafkaProps['p.metadata.broker.list']}"></property>
    </bean> -->
    <bean id="kafkaSyncProducer" class="com.wanjia.common.kafka.KafkaSyncProducer" init-method="init">
    	<!-- <property name="topic" value="#{kafkaProps['p.topic']}"></property> -->
        <property name="metadataBrokerList" value="#{kafkaProps['p.metadata.broker.list']}"></property>
    </bean>
	<!-- Producer end -->

</beans>