<?xml version="1.0" encoding="UTF-8"?>
<beans xmlns="http://www.springframework.org/schema/beans"
	xmlns:xsi="http://www.w3.org/2001/XMLSchema-instance" xmlns:context="http://www.springframework.org/schema/context"
	xmlns:mongo="http://www.springframework.org/schema/data/mongo"
	xmlns:hdp="http://www.springframework.org/schema/hadoop"
	xmlns:dubbo="http://code.alibabatech.com/schema/dubbo"
	xsi:schemaLocation="http://www.springframework.org/schema/beans  
        http://www.springframework.org/schema/beans/spring-beans-4.2.xsd  
        http://www.springframework.org/schema/data/mongo       
        http://www.springframework.org/schema/data/mongo/spring-mongo-1.0.xsd   
        http://www.springframework.org/schema/context  
        http://www.springframework.org/schema/context/spring-context-4.2.xsd
        http://code.alibabatech.com/schema/dubbo 
        http://code.alibabatech.com/schema/dubbo/dubbo.xsd">
	<!-- <import resource="classpath:/spring/application-beans.xml" /> -->
	
	<context:component-scan base-package="com.wanjia.**.**,com.job36.mobile" />
	<context:annotation-config />
	<mongo:mongo host="#{mongodbDataSource['mongodb.address']}" port="#{mongodbDataSource['mongodb.port']}" />

	<!-- mongo的工厂，通过它来取得mongo实例,dbname为mongodb的数据库名，没有的话会自动创建 -->
	<mongo:db-factory dbname="#{mongodbDataSource['mongodb.dbname']}" mongo-ref="mongo" />

	<!-- mongodb的主要操作对象，所有对mongodb的增删改查的操作都是通过它完成 -->
	<bean id="mongoTemplate" class="org.springframework.data.mongodb.core.MongoTemplate">
		<constructor-arg ref="mongo" />
		<constructor-arg name="databaseName" value="db_mongo" />
	</bean>

	<!-- 映射转换器，扫描back-package目录下的文件，根据注释，把它们作为mongodb的一个collection的映射 -->
	<mongo:mapping-converter base-package="com.wanjia.**.mapper.mongo" />

	<!-- mongodb bean的仓库目录，会自动扫描扩展了MongoRepository接口的接口进行注入 -->
	<mongo:repositories base-package="com.wanjia.**.dao.mongo.impl" />
	
	<bean id="requestFactory" class="org.springframework.http.client.SimpleClientHttpRequestFactory">
		<property name="readTimeout" value="60000"/>
		<property name="connectTimeout" value="3000"/>
	</bean>
	
	<bean id="handlerMapping" class="org.springframework.web.servlet.mvc.method.annotation.RequestMappingHandlerMapping" />
	
	<bean id="elasticsearchRepository"
		class="com.wanjia.elasticsearch.repository.impl.ElasticsearchRepositoryImpl" />
		
	<bean id="restTemplate" class="org.springframework.web.client.RestTemplate" scope="prototype">
		<constructor-arg ref="requestFactory"/>
	</bean>
	
	 <bean id="jedisPoolConfig" class="redis.clients.jedis.JedisPoolConfig">
        <property name="maxTotal" value="#{jedisConfig['redisMaxTotal']}"></property>
        <property name="maxIdle" value="#{jedisConfig['redisMaxIdle']}"></property>
        <property name="maxWaitMillis" value="#{jedisConfig['redisMaxWaitMillis']}"></property>
        <property name="testOnBorrow" value="#{jedisConfig['redisTestOnBorrow']}"></property>
        <property name="testOnReturn" value="#{jedisConfig['redisTestOnReturn']}"></property>
    </bean>
    <bean id="jedisPool" class="redis.clients.jedis.JedisPool" destroy-method="destroy">
        <constructor-arg name="poolConfig" ref="jedisPoolConfig" />  
        <constructor-arg name="host" value="#{jedisConfig['redisHost']}" />  
        <constructor-arg name="port" value="#{jedisConfig['redisPort']}" />  
    </bean>
    
    <bean id="jedisCache" class="com.wanjia.common.redis.cache.JedisCache">
        <property name="jedisPool" ref="jedisPool"/>
    </bean>
	
	<dubbo:application name="data-interface-dubbo" environment="#{dubboConfig['dubboEnvironment']}" owner="chenkang560" organization="wanjia"></dubbo:application>
	<!-- 使用zookeeper注册中心暴露服务地址 -->
	<dubbo:registry address="#{dubboConfig['dubboZookeeper']}"></dubbo:registry>
	<!-- 要暴露的服务端口 -->
	<dubbo:protocol name="dubbo" port="#{serverConstants['dubboPort']}" payload="220971520"/>
	<!-- 要暴露的服务接口 -->
	<dubbo:annotation package="com.wanjia.dsi"/>
	<!-- 
	turn on the log
	<dubbo:protocol accesslog="true" /> -->
	
	<!-- 发送邮件 -->
	<bean id="mailUtils" class="com.wanjia.common.utils.MailUtils">
        <property name="mailSmtpAuth" value="#{mailConfig['mailSmtpAuth']}"></property>
        <property name="mailSmtpHost" value="#{mailConfig['mailSmtpHost']}"></property>
        <property name="mailSmtpUser" value="#{mailConfig['mailSmtpUser']}"></property>
        <property name="mailSmtpPassword" value="#{mailConfig['mailSmtpPassword']}"></property>
        <property name="mailTransportProtocol" value="#{mailConfig['mailTransportProtocol']}"></property>
        <property name="sendDebug" value="#{mailConfig['sendDebug']}"></property>
    </bean>
</beans>
	