<?xml version="1.0" encoding="UTF-8"?>
<beans xmlns="http://www.springframework.org/schema/beans"
	xmlns:xsi="http://www.w3.org/2001/XMLSchema-instance" xmlns:aop="http://www.springframework.org/schema/aop"
	xmlns:tx="http://www.springframework.org/schema/tx" xmlns:util="http://www.springframework.org/schema/util"
	xsi:schemaLocation="
        http://www.springframework.org/schema/beans http://www.springframework.org/schema/beans/spring-beans-4.2.xsd
        http://www.springframework.org/schema/tx http://www.springframework.org/schema/tx/spring-tx-4.2.xsd
        http://www.springframework.org/schema/util http://www.springframework.org/schema/util/spring-util-4.2.xsd
        http://www.springframework.org/schema/aop http://www.springframework.org/schema/aop/spring-aop-4.2.xsd">


	<!-- 对service层抛出的异常进行处理，返回JsonResponse -->
	<bean id="serviceExceptionAspect" class="com.wanjia.dsi.common.interceptors.ServiceExceptionAspect"></bean>
	<aop:config>
		<aop:aspect ref="serviceExceptionAspect">
			<aop:pointcut id="pc_serviceException" expression="execution(public * com.wanjia.dsi.*.service..*Service.*(..))" />
			<aop:around pointcut-ref="pc_serviceException" method="roundExecute" />
		</aop:aspect>
	</aop:config>

</beans>
