<?xml version="1.0" encoding="UTF-8"?>
<beans xmlns:xsi="http://www.w3.org/2001/XMLSchema-instance" xmlns="http://www.springframework.org/schema/beans"
	xmlns:mvc="http://www.springframework.org/schema/mvc" xmlns:aop="http://www.springframework.org/schema/aop"
	xmlns:context="http://www.springframework.org/schema/context"
	xsi:schemaLocation="
    	http://www.springframework.org/schema/aop http://www.springframework.org/schema/aop/spring-aop-4.2.xsd
        http://www.springframework.org/schema/beans http://www.springframework.org/schema/beans/spring-beans-4.2.xsd
        http://www.springframework.org/schema/mvc http://www.springframework.org/schema/mvc/spring-mvc-4.2.xsd
        http://www.springframework.org/schema/context http://www.springframework.org/schema/context/spring-context-4.2.xsd">


	<!-- ************************************************************************************* The controllers are autodetected 
		POJOs labeled with the @Controller annotation. ************************************************************************************* -->
	<context:component-scan base-package="com.wanjia.**.*" />
	
	<mvc:annotation-driven />
	<aop:aspectj-autoproxy proxy-target-class="true" />

	<!-- 视图解析 -->
	<bean class="org.springframework.web.servlet.view.InternalResourceViewResolver" id="viewResolver">
		<property name="viewClass">
			<value>org.springframework.web.servlet.view.JstlView</value>
		</property>
		<property name="prefix">
			<value>/WEB-INF/page/</value>
		</property>
		<property name="suffix">
			<value>.jsp</value>
		</property>
		
		<property name="contentType">
            <value>text/html;charset=UTF8</value>
        </property>
        <property name="order">
            <value>1</value>
        </property> 
        <property name="attributesMap">
            <map>
                <entry key="pathWebRoot" value="data-interface"></entry>
            </map>
        </property>
		
		
		
	</bean>
	<mvc:default-servlet-handler />
	<mvc:interceptors> 
	    <mvc:interceptor>
			<mvc:mapping path="/**"/>
			<bean class="com.wanjia.dsi.common.interceptors.LoggerInterceptor"/>  
		</mvc:interceptor>
		<!-- <mvc:interceptor>
			<mvc:mapping path="/internal/**"/>
			<bean class="com.pahaoche.website.interfaces.base.comm.interceptors.ParamInterceptor"/>  
		</mvc:interceptor> -->
	</mvc:interceptors>
	
	<!-- 切面临时关闭 -->
	<!-- <bean id="logAspect" class="com.wanjia.dsi.common.aspect.LogAspect"/>  -->
	
	
	
	
	
</beans>
