<?xml version="1.0" encoding="UTF-8" ?>  
<!DOCTYPE log4j:configuration SYSTEM "log4j.dtd">
<log4j:configuration xmlns:log4j='http://jakarta.apache.org/log4j/'>
	<appender name="STDOUT" class="org.apache.log4j.ConsoleAppender">
		<layout class="org.apache.log4j.PatternLayout">
			<param name="ConversionPattern" value="[%-5p] [%d{yyyy-MM-dd HH:mm:ss}] %l - %m%n" />
		</layout>
	</appender>
    
    <appender name="EMAIL" class="com.wanjia.common.log4j.mail.SMTPAppender">
        <param name="SMTPDebug" value="false" />
        <param name="BufferSize" value="1" />
        <param name="Threshold" value="ERROR" />
        <!-- 邮件主题 -->
        <param name="Subject" value="验证码系统异常提醒邮件" />
        <!--  -->
        <param name="LocationInfo" value="true" />
        <param name="commonConfigFile" value="/nfs/wanjia/settings/mail.common.log4j.properties" />
        <param name="customerConfigFile" value="/nfs/wanjia/settings/log4j-mail/dsi.properties" />
        <!-- 是否发送邮件 -->
        <param name="SendFlag" value="true" />
        <layout class="org.apache.log4j.PatternLayout">
            <param name="ConversionPattern" value="[%-5p] [%d{yyyy-MM-dd HH:mm:ss}] %l - %m%n" />
        </layout>
    </appender>

	<appender name="DEBUG" class="org.apache.log4j.DailyRollingFileAppender">
		<param name="File" value="/tmp/log/data-interface-debug.log" />
		<param name="DatePattern" value="'.'yyyy-MM-dd'.log'" />
		<layout class="org.apache.log4j.PatternLayout">
			<param name="ConversionPattern" value="[%-5p] [%d{yyyy-MM-dd HH:mm:ss}] %l - %m%n" />
		</layout>
		<filter class="org.apache.log4j.varia.LevelRangeFilter">
			<param name="LevelMin" value="INFO" />
			<param name="LevelMax" value="INFO" />
		</filter>
	</appender>

	<appender name="INFO" class="org.apache.log4j.DailyRollingFileAppender">
		<param name="File" value="/tmp/log/data-interface-info.log" />
		<param name="Append" value="true" />
		<param name="DatePattern" value="'.'yyyy-MM-dd'.log'" />
		<layout class="org.apache.log4j.PatternLayout">
			<param name="ConversionPattern" value="[%-5p] [%d{yyyy-MM-dd HH:mm:ss}] %l - %m%n" />
		</layout>
		<filter class="org.apache.log4j.varia.LevelRangeFilter">
			<param name="LevelMin" value="INFO" />
			<param name="LevelMax" value="INFO" />
		</filter>
	</appender>

	<appender name="WARN" class="org.apache.log4j.DailyRollingFileAppender">
		<param name="File" value="/tmp/log/data-interface-warn.log" />
		<param name="Append" value="true" />
		<param name="DatePattern" value="'.'yyyy-MM-dd'.log'" />
		<layout class="org.apache.log4j.PatternLayout">
			<param name="ConversionPattern" value="[%-5p] [%d{yyyy-MM-dd HH:mm:ss}] %l - %m%n" />
		</layout>
		<filter class="org.apache.log4j.varia.LevelRangeFilter">
			<param name="LevelMin" value="WARN" />
			<param name="LevelMax" value="WARN" />
		</filter>
	</appender>

	<appender name="ERROR" class="org.apache.log4j.DailyRollingFileAppender">
		<param name="File" value="/tmp/log/data-interface-error.log" />
		<param name="Append" value="true" />
		<param name="DatePattern" value="'.'yyyy-MM-dd'.log'" />
		<layout class="org.apache.log4j.PatternLayout">
			<param name="ConversionPattern" value="[%-5p] [%d{yyyy-MM-dd HH:mm:ss}] %l - %m%n" />
		</layout>
		<filter class="org.apache.log4j.varia.LevelRangeFilter">
			<param name="LevelMin" value="ERROR" />
			<param name="LevelMax" value="ERROR" />
		</filter>
	</appender>
	
	<!-- alibaba log -->
	<logger name="com.alibaba.dubbo" additivity="false">
        <level value="ERROR" />
        <appender-ref ref="dailyRollingFileAppender" />
        <appender-ref ref="dailyErrorRollingFileAppender" />
        <appender-ref ref="consoleAppender" />
    </logger>

	<logger name="org.springframework" additivity="false">
		<level value="error" />
		<appender-ref ref="STDOUT" />
		<appender-ref ref="INFO" />
		<appender-ref ref="INFO" />
		<appender-ref ref="WARN" />
		<appender-ref ref="ERROR" />
	</logger>
    
    <logger name="com.ibatis" additivity="true"> 
        <level value="INFO" /> 
        <appender-ref ref="STDOUT" />
		<appender-ref ref="INFO" />
		<appender-ref ref="INFO" />
		<appender-ref ref="WARN" />
		<appender-ref ref="ERROR" />
    </logger> 
    <logger name="java.sql.Connection" additivity="true"> 
        <level value="INFO" /> 
        <appender-ref ref="STDOUT" />
		<appender-ref ref="INFO" />
		<appender-ref ref="INFO" />
		<appender-ref ref="WARN" />
		<appender-ref ref="ERROR" />
    </logger> 
    <logger name="java.sql.Statement" additivity="true"> 
        <level value="INFO" /> 
        <appender-ref ref="STDOUT" />
		<appender-ref ref="INFO" />
		<appender-ref ref="INFO" />
		<appender-ref ref="WARN" />
		<appender-ref ref="ERROR" />
    </logger> 
    <logger name="java.sql.PreparedStatement" additivity="true"> 
        <level value="INFO" /> 
        <appender-ref ref="STDOUT" />
		<appender-ref ref="INFO" />
		<appender-ref ref="INFO" />
		<appender-ref ref="WARN" />
		<appender-ref ref="ERROR" />
    </logger> 
    <logger name="java.sql.ResultSet" additivity="true"> 
        <level value="INFO" /> 
        <appender-ref ref="STDOUT" />
		<appender-ref ref="INFO" />
		<appender-ref ref="INFO" />
		<appender-ref ref="WARN" />
		<appender-ref ref="ERROR" />
    </logger> 

	<root>
	    <!--<level value="DEBUG" /> 
		<priority value="DEBUG" />-->
		<priority value="INFO" />
		<appender-ref ref="STDOUT" />
		<appender-ref ref="INFO" />
		<appender-ref ref="INFO" />
		<appender-ref ref="WARN" />
		<appender-ref ref="ERROR" />
        <appender-ref ref="EMAIL" />
	</root>
</log4j:configuration>  
